%TIMESTAMP_START,TIMESTAMP_END,Q,Delta_18O,Delta_18O_std,Delta_D,Delta_D_std,T,RH,P,Preciptition,Rn,U,WD,T_ERA5,RH_ERA5,P_ERA5,Preciptition_ERA5,Rn_ERA5,U_ERA5,WD_ERA5
201412250000,201412250059,930.779,-56.6641,-9999,-397.07,-9999,-31.2339,-9999,-9999,-9999,-9999,-9999,-9999,-31.6086,0.702917,64.92169,0,28.09974,4.368751,208.017
201412250100,201412250159,925.15,-55.3917,-9999,-393.165,-9999,-29.2665,-9999,-9999,-9999,-9999,-9999,-9999,-32.32787,0.7039459,64.90145,0,33.78241,4.670764,207.5372
201412250200,201412250259,912.833,-55.8212,-9999,-399.004,-9999,-28.054,-9999,-9999,-9999,-9999,-9999,-9999,-31.67974,0.7020209,64.8865,0,43.86237,4.867945,206.4721
201412250300,201412250359,908.066,-57.6479,-9999,-400.32,-9999,-26.9528,-9999,-9999,-9999,-9999,-9999,-9999,-28.64931,0.7026163,64.88386,0,49.29016,4.457048,208.1383
201412250400,201412250459,904.383,-57.6261,-9999,-395.649,-9999,-26.1778,-9999,-9999,-9999,-9999,-9999,-9999,-28.32366,0.7258202,64.87066,0,42.11209,5.445885,203.1306
201412250500,201412250559,898.535,-57.2765,-9999,-401.816,-9999,-25.4919,-9999,-9999,-9999,-9999,-9999,-9999,-26.64325,0.7247711,64.86274,0,42.7284,4.7962,205.4211
201412250600,201412250659,892.943,-56.98,-9999,-401.363,-9999,-25.0669,-9999,-9999,-9999,-9999,-9999,-9999,-26.46462,0.7307394,64.84779,0,41.41572,5.165017,203.2832
201412250700,201412250759,902.812,-61.1831,-9999,-438.632,-9999,-24.7277,-9999,-9999,-9999,-9999,-9999,-9999,-27.92213,0.7308921,64.84427,0,30.0344,5.275381,202.8587
201412250800,201412250859,926.35,-62.5737,-9999,-459.066,-9999,-24.6402,-9999,-9999,-9999,-9999,-9999,-9999,-27.88736,0.7352087,64.83459,0,32.05698,5.447212,200.5955
201412250900,201412250959,940.172,-63.2774,-9999,-461.288,-9999,-24.7277,-9999,-9999,-9999,-9999,-9999,-9999,-29.88235,0.7440975,64.81259,0,15.38482,5.702548,198.1495
201412251000,201412251059,884.226,-65.6607,-9999,-481.983,-9999,-25.3277,-9999,-9999,-9999,-9999,-9999,-9999,-27.50322,0.7155926,64.81523,0,10.5502,6.239899,193.4618
201412251100,201412251159,844.988,-66.1322,-9999,-477.236,-9999,-26.0358,-9999,-9999,-9999,-9999,-9999,-9999,-27.58068,0.7149493,64.82315,0,3.41416,6.343029,190.868
201412251200,201412251259,794.418,-65.2465,-9999,-479.931,-9999,-27.0608,-9999,-9999,-9999,-9999,-9999,-9999,-27.96165,0.7136703,64.80028,0,-4.782205,6.348367,189.3924
201412251300,201412251359,679.74,-63.1217,-9999,-471.775,-9999,-28.2607,-9999,-9999,-9999,-9999,-9999,-9999,-29.14095,0.7168108,64.79675,0,-20.07053,6.247429,190.0715
201412251400,201412251459,592.441,-65.5219,-9999,-484.316,-9999,-29.9732,-9999,-9999,-9999,-9999,-9999,-9999,-29.9851,0.7433158,64.773,0,-29.11197,6.147003,192.0119
201412251500,201412251559,531.891,-65.9989,-9999,-470.59,-9999,-31.5808,-9999,-9999,-9999,-9999,-9999,-9999,-33.05347,0.7509102,64.73781,0,-34.83005,6.03395,193.5746
201412251600,201412251659,478.656,-64.0745,-9999,-473.959,-9999,-32.8808,-9999,-9999,-9999,-9999,-9999,-9999,-33.83755,0.7588376,64.71494,0,-38.4837,5.91982,194.9899
201412251700,201412251759,449.971,-65.2919,-9999,-487.277,-9999,-33.8754,-9999,-9999,-9999,-9999,-9999,-9999,-34.09523,0.763656,64.6903,0,-40.42776,5.810348,195.4359
201412251800,201412251859,438.827,-66.7554,-9999,-476.44,-9999,-33.9754,-9999,-9999,-9999,-9999,-9999,-9999,-34.45249,0.7621347,64.68414,0,-37.57646,5.716644,194.6808
201412251900,201412251959,502.098,-67.6745,-9999,-481.77,-9999,-33.6715,-9999,-9999,-9999,-9999,-9999,-9999,-33.76642,0.7571434,64.64631,0,-31.68809,5.700228,192.7618
201412252000,201412252059,564.109,-68.9365,-9999,-497.858,-9999,-32.184,-9999,-9999,-9999,-9999,-9999,-9999,-33.50084,0.707773,64.67446,0,-23.87226,5.670115,190.3017
201412252100,201412252159,650.125,-61.8596,-9999,-496.282,-9999,-30.8969,-9999,-9999,-9999,-9999,-9999,-9999,-32.42588,0.713881,64.62431,0,-14.33906,5.664728,187.4192
201412252200,201412252259,738.615,-53.8577,-9999,-495.078,-9999,-30.1969,-9999,-9999,-9999,-9999,-9999,-9999,-31.20865,0.7117604,64.66742,0,-4.046163,5.759708,178.5592
201412252300,201412252359,666.636,-64.3856,-9999,-475.999,-9999,-29.6464,-9999,-9999,-9999,-9999,-9999,-9999,-30.4467,0.7142749,64.64983,0,6.824858,5.631158,175.9799
201412260000,201412260059,654.034,-63.9635,-9999,-463.609,-9999,-29.5339,-9999,-9999,-9999,-9999,-9999,-9999,-30.03411,0.7167199,64.64542,0,17.20352,5.517923,174.1903
201412260100,201412260159,783.823,-65.3107,-9999,-461.429,-9999,-29.2242,-9999,-9999,-9999,-9999,-9999,-9999,-29.60254,0.6999481,64.62959,0,27.4655,5.985405,168.685
201412260200,201412260259,791.549,-65.8433,-9999,-473.899,-9999,-28.3367,-9999,-9999,-9999,-9999,-9999,-9999,-29.25635,0.6966,64.62783,0,34.06653,6.016571,165.4316
201412260300,201412260359,801.459,-66.3343,-9999,-487.571,-9999,-27.5096,-9999,-9999,-9999,-9999,-9999,-9999,-28.07705,0.6933798,64.63311,0,39.53314,6.289041,161.5962
201412260400,201412260459,774.113,-66.6893,-9999,-480.45,-9999,-26.8596,-9999,-9999,-9999,-9999,-9999,-9999,-27.54906,0.693729,64.63223,0,42.69828,6.339584,157.1152
201412260500,201412260559,806.335,-66.0308,-9999,-477.622,-9999,-26.2287,-9999,-9999,-9999,-9999,-9999,-9999,-27.32458,0.6934053,64.65598,0,44.40191,6.213926,152.8655
201412260600,201412260659,862.097,-65.171,-9999,-480.936,-9999,-25.6537,-9999,-9999,-9999,-9999,-9999,-9999,-27.16809,0.6994506,64.67798,0,41.17339,5.983233,148.7587
201412260700,201412260759,885.711,-64.8988,-9999,-478.273,-9999,-25.1391,-9999,-9999,-9999,-9999,-9999,-9999,-27.08904,0.7230798,64.68766,0,32.28765,4.727437,149.5956
201412260800,201412260859,919.538,-65.8396,-9999,-475.229,-9999,-24.8016,-9999,-9999,-9999,-9999,-9999,-9999,-28.51494,0.7289123,64.70877,0,20.16795,4.526475,148.9724
201412260900,201412260959,918.898,-65.9361,-9999,-484.735,-9999,-24.5627,-9999,-9999,-9999,-9999,-9999,-9999,-30.89091,0.7344255,64.6991,0,8.209398,4.545924,148.4564
201412261000,201412261059,902.221,-64.1036,-9999,-470.32,-9999,-24.6127,-9999,-9999,-9999,-9999,-9999,-9999,-28.88801,0.7149957,64.72197,0,-1.645676,4.939695,149.675
201412261100,201412261159,919.949,-61.1278,-9999,-453.695,-9999,-24.7073,-9999,-9999,-9999,-9999,-9999,-9999,-32.12553,0.723248,64.73693,0,-12.16726,4.895664,148.3254
201412261200,201412261259,883.12,-61.3422,-9999,-450.731,-9999,-24.9323,-9999,-9999,-9999,-9999,-9999,-9999,-33.10406,0.7316886,64.77036,0,-22.46332,4.743953,145.042
201412261300,201412261359,873.733,-60.6552,-9999,-443.845,-9999,-25.1827,-9999,-9999,-9999,-9999,-9999,-9999,-34.08416,0.7420545,64.76332,0,-29.0448,4.603249,141.6967
201412261400,201412261459,881.927,-60.2509,-9999,-445.666,-9999,-25.5077,-9999,-9999,-9999,-9999,-9999,-9999,-35.03423,0.7852405,64.78708,0,-34.25671,4.383495,139.5882
201412261500,201412261559,883.804,-60.0442,-9999,-449.824,-9999,-25.9631,-9999,-9999,-9999,-9999,-9999,-9999,-33.6526,0.806886,64.7818,0,-36.92886,4.185551,137.985
201412261600,201412261659,831.67,-59.8238,-9999,-448.515,-9999,-26.8006,-9999,-9999,-9999,-9999,-9999,-9999,-36.67512,0.8198304,64.78092,0,-37.57415,3.925689,135.7319
201412261700,201412261759,649.616,-60.8622,-9999,-463.458,-9999,-28.0802,-9999,-9999,-9999,-9999,-9999,-9999,-36.83636,0.8297094,64.80555,0,-34.91294,3.679009,135.0237
201412261800,201412261859,493.039,-62.9367,-9999,-470.112,-9999,-30.6552,-9999,-9999,-9999,-9999,-9999,-9999,-36.80317,0.8321139,64.81875,0,-30.79905,3.378758,133.1185
201412261900,201412261959,377.786,-68.1506,-9999,-485.248,-9999,-32.839,-9999,-9999,-9999,-9999,-9999,-9999,-33.62256,0.8261994,64.81347,0,-22.00216,3.098812,133.0312
201412262000,201412262059,365.785,-68.2812,-9999,-510.442,-9999,-33.8765,-9999,-9999,-9999,-9999,-9999,-9999,-33.35382,0.8212486,64.83546,0,-9.690518,2.768615,134.3786
201412262100,201412262159,383.666,-67.9672,-9999,-509.267,-9999,-34.4305,-9999,-9999,-9999,-9999,-9999,-9999,-35.13699,0.8145353,64.83107,0,-0.1209869,2.386541,137.4161
201412262200,201412262259,433.334,-68.8862,-9999,-496.847,-9999,-33.568,-9999,-9999,-9999,-9999,-9999,-9999,-31.02212,0.7993237,64.8381,0,2.737332,2.477046,132.3591
201412262300,201412262359,656.014,-67.2223,-9999,-496.596,-9999,-32.3589,-9999,-9999,-9999,-9999,-9999,-9999,-30.59372,0.7673092,64.85394,0,13.68257,2.142043,130.8357
201412270000,201412270059,922.148,-62.4633,-9999,-470.399,-9999,-30.1339,-9999,-9999,-9999,-9999,-9999,-9999,-29.68633,0.7291136,64.8645,0,24.14112,1.814207,130.4646
201412270100,201412270159,788.134,-67.9012,-9999,-486.673,-9999,-28.2714,-9999,-9999,-9999,-9999,-9999,-9999,-29.23263,0.7302809,64.84338,0,35.48842,1.61127,125.7032
201412270200,201412270259,844.606,-66.84,-9999,-483.974,-9999,-27.4714,-9999,-9999,-9999,-9999,-9999,-9999,-30.09892,0.7370357,64.87154,0,41.62928,1.730561,119.5326
201412270300,201412270359,881.178,-65.877,-9999,-482.828,-9999,-26.7669,-9999,-9999,-9999,-9999,-9999,-9999,-26.75865,0.7287437,64.85658,0,40.48981,2.303419,112.303
201412270400,201412270459,875.646,-65.6184,-9999,-475.093,-9999,-26.3419,-9999,-9999,-9999,-9999,-9999,-9999,-27.65814,0.7181819,64.85307,0,43.71056,2.022568,109.5438
201412270500,201412270559,897.844,-63.8865,-9999,-477.768,-9999,-25.9996,-9999,-9999,-9999,-9999,-9999,-9999,-27.51587,0.7187921,64.85746,0,39.8465,1.856355,103.3171
201412270600,201412270659,879.743,-65.0242,-9999,-471.079,-9999,-25.8996,-9999,-9999,-9999,-9999,-9999,-9999,-27.55855,0.7231504,64.88034,0,36.60274,1.772427,93.51768
201412270700,201412270759,865.843,-64.3006,-9999,-468.466,-9999,-25.8441,-9999,-9999,-9999,-9999,-9999,-9999,-27.8099,0.7286124,64.88826,0,28.75958,1.735833,87.12823
201412270800,201412270859,858.21,-63.914,-9999,-469.218,-9999,-25.9191,-9999,-9999,-9999,-9999,-9999,-9999,-28.00908,0.7283797,64.89529,0,20.21882,1.858659,76.1375
201412270900,201412270959,822.235,-65.79,-9999,-462.69,-9999,-26.0259,-9999,-9999,-9999,-9999,-9999,-9999,-30.64746,0.7345443,64.90234,0,11.47753,1.983394,65.28065
201412271000,201412271059,817.297,-65.1155,-9999,-481.295,-9999,-26.2259,-9999,-9999,-9999,-9999,-9999,-9999,-29.28638,0.7139134,64.89793,0,1.952714,2.305982,61.91071
201412271100,201412271159,806.26,-65.6893,-9999,-482.197,-9999,-26.3814,-9999,-9999,-9999,-9999,-9999,-9999,-28.71887,0.7235886,64.90849,0,-7.620748,2.403903,56.58724
201412271200,201412271259,807.783,-64.4288,-9999,-476.648,-9999,-26.4064,-9999,-9999,-9999,-9999,-9999,-9999,-29.06823,0.7328914,64.93665,0,-15.74133,2.467278,55.73901
201412271300,201412271359,801.805,-64.823,-9999,-470.635,-9999,-26.5204,-9999,-9999,-9999,-9999,-9999,-9999,-30.84665,0.746155,64.93489,0,-25.64981,2.567213,54.57025
201412271400,201412271459,799.861,-63.3818,-9999,-471.135,-9999,-26.8954,-9999,-9999,-9999,-9999,-9999,-9999,-31.67974,0.7900842,64.94984,0,-30.58739,2.653614,50.63654
201412271500,201412271559,763.344,-62.1941,-9999,-470.468,-9999,-27.334,-9999,-9999,-9999,-9999,-9999,-9999,-31.50427,0.8089048,64.94897,0,-33.266,2.787781,46.52074
201412271600,201412271659,726.561,-63.524,-9999,-468.367,-9999,-27.959,-9999,-9999,-9999,-9999,-9999,-9999,-33.37912,0.8165174,64.95776,0,-35.18755,2.887099,44.66689
201412271700,201412271759,692.987,-63.8058,-9999,-471.792,-9999,-28.6476,-9999,-9999,-9999,-9999,-9999,-9999,-36.25937,0.8185567,64.96744,0,-35.33825,2.984912,43.72336
201412271800,201412271859,666.374,-65.1712,-9999,-476.737,-9999,-29.5226,-9999,-9999,-9999,-9999,-9999,-9999,-36.45381,0.8200575,64.95776,0,-34.35696,3.216407,45.51941
201412271900,201412271959,629.766,-65.4794,-9999,-476.816,-9999,-30.2895,-9999,-9999,-9999,-9999,-9999,-9999,-36.29731,0.8127841,64.95953,0,-28.72381,3.252453,45.98233
201412272000,201412272059,576.653,-65.8348,-9999,-487.97,-9999,-30.7395,-9999,-9999,-9999,-9999,-9999,-9999,-33.27953,0.8037589,64.98152,0,-21.09348,3.274465,47.01628
201412272100,201412272159,553.461,-66.2276,-9999,-492.177,-9999,-31.0177,-9999,-9999,-9999,-9999,-9999,-9999,-32.60768,0.7909303,64.95864,0,-7.408614,3.118777,47.71565
201412272200,201412272259,564.824,-65.2905,-9999,-494.631,-9999,-30.7927,-9999,-9999,-9999,-9999,-9999,-9999,-32.16663,0.739904,64.97184,0,7.635738,3.335891,47.3085
201412272300,201412272359,560.383,-66.3987,-9999,-497.918,-9999,-30.5169,-9999,-9999,-9999,-9999,-9999,-9999,-29.80647,0.7233746,64.98152,0,24.17282,3.477925,42.96817
201412280000,201412280059,564.971,-68.7197,-9999,-498.222,-9999,-30.0919,-9999,-9999,-9999,-9999,-9999,-9999,-28.75206,0.7285432,64.96392,0.01294394,40.63079,3.407106,41.34741
201412280100,201412280159,585.895,-68.152,-9999,-493.469,-9999,-29.5905,-9999,-9999,-9999,-9999,-9999,-9999,-28.02489,0.7153951,64.94984,0.01891807,54.82662,3.564,40.0834
201412280200,201412280259,603.813,-68.1124,-9999,-496.317,-9999,-28.8655,-9999,-9999,-9999,-9999,-9999,-9999,-27.60913,0.7060279,64.9472,0.01991375,64.19817,3.505583,39.31595
201412280300,201412280359,645.712,-67.254,-9999,-497.944,-9999,-28.166,-9999,-9999,-9999,-9999,-9999,-9999,-26.2354,0.7062547,64.94544,0.01792238,70.79623,3.457681,36.88947
201412280400,201412280459,678.855,-67.6301,-9999,-492.222,-9999,-27.541,-9999,-9999,-9999,-9999,-9999,-9999,-25.95086,0.7085804,64.91201,0.01393963,73.89377,3.476914,32.54808
201412280500,201412280559,713.516,-67.0891,-9999,-481.866,-9999,-26.9923,-9999,-9999,-9999,-9999,-9999,-9999,-25.09089,0.7118105,64.93225,0.01095256,72.9015,3.396412,29.07178
201412280600,201412280659,716.306,-66.1772,-9999,-479.655,-9999,-26.6673,-9999,-9999,-9999,-9999,-9999,-9999,-24.88696,0.7073754,64.91641,0,69.4633,3.392192,24.48886
201412280700,201412280759,736.827,-65.7534,-9999,-479.453,-9999,-26.4186,-9999,-9999,-9999,-9999,-9999,-9999,-24.39691,0.7056311,64.92081,0,59.30508,3.345026,17.82585
201412280800,201412280859,750.449,-66.3176,-9999,-472.314,-9999,-26.3936,-9999,-9999,-9999,-9999,-9999,-9999,-24.35897,0.7416032,64.91993,0,40.22107,2.654813,13.39575
201412280900,201412280959,762.345,-66.4669,-9999,-479.786,-9999,-26.4564,-9999,-9999,-9999,-9999,-9999,-9999,-26.89302,0.7557067,64.90937,0,32.26274,2.606712,8.093826
201412281000,201412281059,767.436,-65.9807,-9999,-483.039,-9999,-26.7764,-9999,-9999,-9999,-9999,-9999,-9999,-26.34606,0.7451245,64.9472,0,20.92621,2.214437,339.1817
201412281100,201412281159,753.241,-67.0315,-9999,-483.323,-9999,-27.0964,-9999,-9999,-9999,-9999,-9999,-9999,-26.84402,0.7699628,64.95776,0,14.95697,2.353706,326.6869
201412281200,201412281259,728.508,-67.6839,-9999,-482.283,-9999,-27.8351,-9999,-9999,-9999,-9999,-9999,-9999,-27.41627,0.8150243,64.97448,0,7.328666,2.457733,313.7502
201412281300,201412281359,663.358,-66.1734,-9999,-481.49,-9999,-28.7101,-9999,-9999,-9999,-9999,-9999,-9999,-27.70398,0.8323876,64.97272,0,-0.02065591,2.382322,304.1021
201412281400,201412281459,646.168,-64.705,-9999,-488.954,-9999,-29.6229,-9999,-9999,-9999,-9999,-9999,-9999,-28.01382,0.8625171,64.98152,0.01095256,-2.623595,2.362259,296.6378
201412281500,201412281559,608.492,-67.5043,-9999,-479.579,-9999,-30.5479,-9999,-9999,-9999,-9999,-9999,-9999,-31.70819,0.7906322,64.98152,0,-11.55245,2.446569,291.0103
201412281600,201412281659,571.498,-65.2856,-9999,-472.89,-9999,-31.6709,-9999,-9999,-9999,-9999,-9999,-9999,-32.40533,0.7550599,64.9912,0,-13.17521,2.547478,285.5374
201412281700,201412281759,508.528,-66.5839,-9999,-478.003,-9999,-32.8584,-9999,-9999,-9999,-9999,-9999,-9999,-32.24093,0.7434846,65.01231,0,-21.7984,2.51254,282.7536
201412281800,201412281859,389.144,-66.204,-9999,-484.226,-9999,-34.376,-9999,-9999,-9999,-9999,-9999,-9999,-33.05663,0.7375585,65.02375,0,-26.77325,2.478674,282.191
201412281900,201412281959,308.974,-66.7195,-9999,-494.828,-9999,-36.001,-9999,-9999,-9999,-9999,-9999,-9999,-32.93175,0.7351479,65.04926,0,-22.37994,2.473704,284.7548
201412282000,201412282059,353.92,-66.6124,-9999,-492.302,-9999,-35.0043,-9999,-9999,-9999,-9999,-9999,-9999,-32.55709,0.7348481,65.05542,0,-20.35044,2.508068,287.3428
201412282100,201412282159,538.427,-66.5386,-9999,-480.962,-9999,-33.1543,-9999,-9999,-9999,-9999,-9999,-9999,-31.58331,0.7344083,65.07742,0,-10.37857,2.594365,289.6756
201412282200,201412282259,744.938,-63.1789,-9999,-464.045,-9999,-31.0308,-9999,-9999,-9999,-9999,-9999,-9999,-30.84191,0.7256718,65.11965,0,3.664177,2.893734,298.0031
201412282300,201412282359,838.156,-62.711,-9999,-455.587,-9999,-28.8183,-9999,-9999,-9999,-9999,-9999,-9999,-28.42325,0.7333484,65.12493,0,16.10378,3.135253,292.6252
201412290000,201412290059,831.827,-60.5958,-9999,-453.882,-9999,-28.2561,-9999,-9999,-9999,-9999,-9999,-9999,-28.05808,0.736935,65.12493,0,18.88113,3.357176,287.6312
201412290100,201412290159,830.313,-60.2524,-9999,-453.442,-9999,-28.2311,-9999,-9999,-9999,-9999,-9999,-9999,-27.62968,0.739504,65.13637,0,28.7233,3.493032,282.3588
201412290200,201412290259,838.734,-61.8575,-9999,-452.42,-9999,-27.9515,-9999,-9999,-9999,-9999,-9999,-9999,-27.41785,0.743528,65.15221,0,39.49459,3.57826,277.906
201412290300,201412290359,857.223,-60.7044,-9999,-449.146,-9999,-27.589,-9999,-9999,-9999,-9999,-9999,-9999,-25.85126,0.7203109,65.15572,0,42.47094,3.38663,273.7125
201412290400,201412290459,824.918,-61.4483,-9999,-450.733,-9999,-27.002,-9999,-9999,-9999,-9999,-9999,-9999,-25.9303,0.7408989,65.17068,0,43.94686,3.365072,268.6958
201412290500,201412290559,860.725,-61.2917,-9999,-456.04,-9999,-26.327,-9999,-9999,-9999,-9999,-9999,-9999,-25.54458,0.7317079,65.19707,0,37.05628,3.312662,265.1892
201412290600,201412290659,893.058,-61.6509,-9999,-453.415,-9999,-25.7903,-9999,-9999,-9999,-9999,-9999,-9999,-25.53826,0.7386927,65.20675,0,32.92258,3.198026,267.0297
201412290700,201412290759,904.577,-61.5128,-9999,-455.489,-9999,-25.3028,-9999,-9999,-9999,-9999,-9999,-9999,-25.6584,0.7385285,65.23666,0,25.51501,3.154217,271.8638
201412290800,201412290859,917.901,-61.5164,-9999,-453.737,-9999,-25.1381,-9999,-9999,-9999,-9999,-9999,-9999,-27.47634,0.7406113,65.23402,0,17.49773,3.313887,279.99
201412290900,201412290959,936.08,-60.3327,-9999,-447.759,-9999,-25.0881,-9999,-9999,-9999,-9999,-9999,-9999,-29.52034,0.7478608,65.26306,0,8.524363,3.643939,285.7078
201412291000,201412291059,941.47,-60.269,-9999,-456.526,-9999,-25.8404,-9999,-9999,-9999,-9999,-9999,-9999,-27.84626,0.7409663,65.27362,0,-2.084833,3.947346,286.4101
201412291100,201412291159,765.401,-64.7593,-9999,-464.271,-9999,-26.8779,-9999,-9999,-9999,-9999,-9999,-9999,-28.22249,0.7501392,65.26834,0,-12.25649,4.250086,285.2374
201412291200,201412291259,675.284,-65.0203,-9999,-471.545,-9999,-28.4411,-9999,-9999,-9999,-9999,-9999,-9999,-28.96548,0.7598935,65.26658,0,-22.09143,4.519232,280.765
201412291300,201412291359,561.601,-64.9203,-9999,-476.132,-9999,-30.1911,-9999,-9999,-9999,-9999,-9999,-9999,-29.33855,0.7702427,65.25954,0,-30.22768,4.637404,274.576
201412291400,201412291459,585.024,-63.084,-9999,-461.374,-9999,-30.8344,-9999,-9999,-9999,-9999,-9999,-9999,-30.15267,0.8114657,65.26218,0,-36.61353,4.644692,266.9114
201412291500,201412291559,553.618,-64.2458,-9999,-469.334,-9999,-31.0844,-9999,-9999,-9999,-9999,-9999,-9999,-32.18718,0.8221765,65.2657,0,-41.19432,4.573653,261.3065
201412291600,201412291659,559.933,-64.4113,-9999,-473.101,-9999,-31.5004,-9999,-9999,-9999,-9999,-9999,-9999,-32.63297,0.8267055,65.26042,0,-41.05109,4.52252,259.2109
201412291700,201412291759,578.292,-63.9421,-9999,-473.952,-9999,-31.9754,-9999,-9999,-9999,-9999,-9999,-9999,-33.32221,0.8292391,65.28154,0,-40.71272,4.386548,260.6772
201412291800,201412291859,403.943,-64.9236,-9999,-474.589,-9999,-31.7957,-9999,-9999,-9999,-9999,-9999,-9999,-32.62981,0.8298381,65.28329,0,-31.08712,4.333841,263.4581
201412291900,201412291959,670.577,-64.0839,-9999,-466.546,-9999,-31.3832,-9999,-9999,-9999,-9999,-9999,-9999,-32.27729,0.8199366,65.29913,0,-32.47829,4.354786,266.1363
201412292000,201412292059,784.521,-62.415,-9999,-451.076,-9999,-30.6756,-9999,-9999,-9999,-9999,-9999,-9999,-32.14924,0.7854465,65.28946,0,-20.90784,4.396124,266.7246
201412292100,201412292159,806.203,-62.341,-9999,-454.692,-9999,-29.8631,-9999,-9999,-9999,-9999,-9999,-9999,-31.36357,0.7652791,65.31585,0,-8.439136,4.234073,265.7267
201412292200,201412292259,800.175,-60.7963,-9999,-451.864,-9999,-29.3457,-9999,-9999,-9999,-9999,-9999,-9999,-29.76537,0.7324909,65.32465,0,-2.809281,4.479396,264.6404
201412292300,201412292359,846.679,-61.5003,-9999,-447.468,-9999,-28.9332,-9999,-9999,-9999,-9999,-9999,-9999,-29.23579,0.7085392,65.30793,0,6.936858,4.623758,262.8841
201412300000,201412300059,871.006,-61.6917,-9999,-451.809,-9999,-28.6129,-9999,-9999,-9999,-9999,-9999,-9999,-28.90857,0.7154137,65.29649,0,14.83842,4.753371,262.3198
201412300100,201412300159,818.846,-62.0875,-9999,-452.746,-9999,-28.3254,-9999,-9999,-9999,-9999,-9999,-9999,-28.23672,0.710302,65.29913,0,20.84812,4.728225,263.4458
201412300200,201412300259,795.363,-64.0727,-9999,-462.146,-9999,-28.0102,-9999,-9999,-9999,-9999,-9999,-9999,-27.84626,0.7004063,65.27626,0,27.43298,5.001404,264.3344
201412300300,201412300359,745.52,-67.619,-9999,-477.374,-9999,-27.6852,-9999,-9999,-9999,-9999,-9999,-9999,-27.23764,0.6932566,65.25602,0,31.68408,5.012931,266.539
201412300400,201412300459,745.068,-67.6314,-9999,-483.255,-9999,-27.4524,-9999,-9999,-9999,-9999,-9999,-9999,-26.96258,0.6858318,65.27186,0,33.22263,5.233355,266.9569
201412300500,201412300559,758.969,-67.7787,-9999,-484.14,-9999,-27.2524,-9999,-9999,-9999,-9999,-9999,-9999,-26.87563,0.6806539,65.2525,0,32.03964,5.328614,267.0905
201412300600,201412300659,751.984,-67.9969,-9999,-485.51,-9999,-27.0801,-9999,-9999,-9999,-9999,-9999,-9999,-26.68752,0.6728257,65.27274,0,28.03809,5.830062,265.8755
201412300700,201412300759,729.094,-67.0253,-9999,-486.496,-9999,-26.9176,-9999,-9999,-9999,-9999,-9999,-9999,-26.67803,0.6691509,65.26658,0,21.45152,5.849437,264.8146
201412300800,201412300859,735.497,-67.8979,-9999,-481.131,-9999,-26.8104,-9999,-9999,-9999,-9999,-9999,-9999,-26.94677,0.6690372,65.25426,0,12.93305,5.881025,264.15
201412300900,201412300959,756.318,-66.9579,-9999,-481.926,-9999,-26.7229,-9999,-9999,-9999,-9999,-9999,-9999,-30.41667,0.6725643,65.25778,0,3.052742,5.898278,262.5496
201412301000,201412301059,745.523,-67.1573,-9999,-482.614,-9999,-27.1796,-9999,-9999,-9999,-9999,-9999,-9999,-28.99393,0.6650518,65.25163,0,-7.47107,5.931777,260.2221
201412301100,201412301159,699.175,-67.189,-9999,-478.796,-9999,-27.8296,-9999,-9999,-9999,-9999,-9999,-9999,-29.41759,0.670219,65.25514,0,-17.86725,5.809697,257.0833
201412301200,201412301259,618.648,-67.8081,-9999,-485.861,-9999,-29.0329,-9999,-9999,-9999,-9999,-9999,-9999,-30.06098,0.6751806,65.22611,0,-27.33976,5.680681,253.7562
201412301300,201412301359,543.541,-68.3318,-9999,-491.872,-9999,-30.4329,-9999,-9999,-9999,-9999,-9999,-9999,-30.9004,0.6796366,65.21555,0,-35.35971,5.51562,250.8276
201412301400,201412301459,448.064,-69.6414,-9999,-487.905,-9999,-32.2663,-9999,-9999,-9999,-9999,-9999,-9999,-31.61651,0.6982575,65.19092,0,-41.25104,5.309884,247.8654
201412301500,201412301559,385.176,-68.5057,-9999,-503.518,-9999,-34.2538,-9999,-9999,-9999,-9999,-9999,-9999,-34.92516,0.7049033,65.16716,0,-44.718,5.078856,244.9612
201412301600,201412301659,319.138,-67.6363,-9999,-510.589,-9999,-35.7802,-9999,-9999,-9999,-9999,-9999,-9999,-35.34882,0.7070349,65.17156,0,-45.57048,4.892322,243.2274
201412301700,201412301759,296.482,-68.9539,-9999,-520.006,-9999,-37.1427,-9999,-9999,-9999,-9999,-9999,-9999,-35.65075,0.7082657,65.17596,0,-43.88812,4.611118,240.7723
201412301800,201412301859,277.268,-72.2704,-9999,-505.873,-9999,-37.749,-9999,-9999,-9999,-9999,-9999,-9999,-35.61281,0.7066,65.16188,0,-39.80342,4.385371,239.9301
201412301900,201412301959,267.161,-68.1248,-9999,-525.242,-9999,-38.0865,-9999,-9999,-9999,-9999,-9999,-9999,-35.02949,0.7023089,65.1654,0,-33.0423,4.109984,238.4661
201412302000,201412302059,272.087,-68.599,-9999,-515.825,-9999,-37.6586,-9999,-9999,-9999,-9999,-9999,-9999,-34.61374,0.6995772,65.1698,0,-24.79766,3.899195,236.4158
201412302100,201412302159,312.419,-74.1507,-9999,-509.093,-9999,-36.9586,-9999,-9999,-9999,-9999,-9999,-9999,-33.37121,0.6969367,65.15924,0,-15.19914,3.708175,232.5963
201412302200,201412302259,373.755,-69.3406,-9999,-527.091,-9999,-35.4193,-9999,-9999,-9999,-9999,-9999,-9999,-33.1167,0.6966717,65.20587,0,-4.758268,3.61702,222.6697
201412302300,201412302359,483.058,-71.595,-9999,-506.078,-9999,-33.5818,-9999,-9999,-9999,-9999,-9999,-9999,-32.69462,0.6949618,65.20059,0,5.821745,3.297945,220.0277
201412310000,201412310059,783.412,-68.0218,-9999,-487.354,-9999,-31.7074,-9999,-9999,-9999,-9999,-9999,-9999,-30.63166,0.6927101,65.14693,0,15.84108,3.3624,217.4687
201412310100,201412310159,828.414,-67.8655,-9999,-482.013,-9999,-29.8199,-9999,-9999,-9999,-9999,-9999,-9999,-31.79356,0.6905815,65.14429,0,24.56069,3.300261,214.8829
201412310200,201412310259,825.238,-68.1464,-9999,-493.93,-9999,-28.9377,-9999,-9999,-9999,-9999,-9999,-9999,-31.27979,0.6890362,65.14076,0,31.38335,3.258113,211.406
201412310300,201412310359,811.444,-69.7651,-9999,-495.024,-9999,-28.4127,-9999,-9999,-9999,-9999,-9999,-9999,-28.91963,0.6847565,65.11437,0,35.73563,3.140949,208.2787
201412310400,201412310459,834.861,-70.0998,-9999,-496.331,-9999,-28.0352,-9999,-9999,-9999,-9999,-9999,-9999,-28.66196,0.6825153,65.13901,0,37.33194,3.003219,206.8388
201412310500,201412310559,865.078,-69.4525,-9999,-495.388,-9999,-27.7102,-9999,-9999,-9999,-9999,-9999,-9999,-28.53391,0.6805865,65.11437,0,36.1346,2.80495,204.6552
201412310600,201412310659,871.337,-69.6607,-9999,-494.111,-9999,-27.4867,-9999,-9999,-9999,-9999,-9999,-9999,-28.43906,0.680402,65.13021,0,32.11154,2.573072,205.1725
201412310700,201412310759,884.891,-68.9215,-9999,-493.158,-9999,-27.2992,-9999,-9999,-9999,-9999,-9999,-9999,-28.45487,0.6891819,65.12933,0,25.69252,2.344524,206.3551
201412310800,201412310859,872.614,-68.8744,-9999,-494.048,-9999,-27.1117,-9999,-9999,-9999,-9999,-9999,-9999,-28.68725,0.698733,65.10997,0,17.55711,2.387471,208.2718
201412310900,201412310959,870.621,-69.4836,-9999,-487.641,-9999,-26.9242,-9999,-9999,-9999,-9999,-9999,-9999,-31.53272,0.705424,65.13109,0,8.310461,2.568653,208.257
201412311000,201412311059,856.238,-65.6864,-9999,-476.758,-9999,-27.5206,-9999,-9999,-9999,-9999,-9999,-9999,-30.23487,0.6924479,65.161,0,-1.43666,3.004614,208.1428
201412311100,201412311159,693.836,-70.3068,-9999,-490.351,-9999,-28.3956,-9999,-9999,-9999,-9999,-9999,-9999,-30.87826,0.6964079,65.13549,0,-11.26372,3.109522,203.2904
201412311200,201412311259,621.537,-69.7437,-9999,-492.253,-9999,-29.6118,-9999,-9999,-9999,-9999,-9999,-9999,-31.97851,0.7019957,65.11349,0,-20.20296,3.085311,196.1443
201412311300,201412311359,508.192,-69.366,-9999,-504.163,-9999,-30.9493,-9999,-9999,-9999,-9999,-9999,-9999,-32.76576,0.7086483,65.08622,0,-27.84741,2.899137,190.9839
201412311400,201412311459,460.186,-72.1396,-9999,-504.828,-9999,-32.2038,-9999,-9999,-9999,-9999,-9999,-9999,-36.38267,0.7341805,65.0871,0,-33.66781,2.677278,188.1391
201412311500,201412311559,401.386,-71.6621,-9999,-502.715,-9999,-33.4288,-9999,-9999,-9999,-9999,-9999,-9999,-37.10827,0.744864,65.06422,0,-37.42577,2.538501,184.1708
201412311600,201412311659,409.376,-70.1438,-9999,-511.724,-9999,-34.8567,-9999,-9999,-9999,-9999,-9999,-9999,-37.35329,0.7487665,65.0739,0,-38.81646,2.339116,182.9285
201412311700,201412311759,259.257,-71.685,-9999,-528.713,-9999,-36.3567,-9999,-9999,-9999,-9999,-9999,-9999,-37.5177,0.7493786,65.05454,0,-37.80479,2.220315,181.6753
201412311800,201412311859,358.033,-70.0671,-9999,-529.237,-9999,-37.0912,-9999,-9999,-9999,-9999,-9999,-9999,-37.34381,0.7462198,65.05542,0,-34.49116,2.198421,182.9661
201412311900,201412311959,298.812,-69.682,-9999,-535.031,-9999,-37.5537,-9999,-9999,-9999,-9999,-9999,-9999,-37.17308,0.7403345,65.02375,0,-29.08236,2.208776,182.0072
201412312000,201412312059,352.94,-71.9151,-9999,-539.894,-9999,-35.9043,-9999,-9999,-9999,-9999,-9999,-9999,-36.8996,0.733967,65.01495,0,-21.69524,2.134,179.4801
201412312100,201412312159,597.13,-69.0359,-9999,-497.92,-9999,-33.5043,-9999,-9999,-9999,-9999,-9999,-9999,-36.21352,0.7277389,65.02551,0,-12.88252,1.874031,177.3574
201412312200,201412312259,724.597,-67.7918,-9999,-488.624,-9999,-32.1741,-9999,-9999,-9999,-9999,-9999,-9999,-33.23843,0.6972542,65.02287,0,-3.002044,1.51767,174.5969
201412312300,201412312359,724.822,-67.4322,-9999,-481.48,-9999,-31.2241,-9999,-9999,-9999,-9999,-9999,-9999,-32.7294,0.6930626,65.02375,0,6.77432,1.300725,187.2236
201501010000,201501010059,690.431,-67.5387,-9999,-487.248,-9999,-31.1133,-9999,-9999,-9999,-9999,-9999,-9999,-32.28896,0.6996182,64.9867,0,16.21731,1.462531,188.4259
201501010100,201501010159,636.648,-69.306,-9999,-499.12,-9999,-31.3008,-9999,-9999,-9999,-9999,-9999,-9999,-31.78039,0.7026438,64.99721,0,24.23612,1.637183,187.2389
201501010200,201501010259,597.091,-70.8316,-9999,-510.547,-9999,-31.0272,-9999,-9999,-9999,-9999,-9999,-9999,-31.34958,0.7026596,64.96832,0,30.99357,1.864972,181.0484
201501010300,201501010359,578.889,-71.7553,-9999,-508.244,-9999,-30.5897,-9999,-9999,-9999,-9999,-9999,-9999,-30.05064,0.6996568,64.97182,0,35.16944,1.97893,174.2254
201501010400,201501010459,596.932,-71.3689,-9999,-495.429,-9999,-30.0047,-9999,-9999,-9999,-9999,-9999,-9999,-29.75587,0.6953646,64.97006,0,36.73613,2.122652,166.2808
201501010500,201501010559,626.649,-70.9144,-9999,-502.09,-9999,-29.3672,-9999,-9999,-9999,-9999,-9999,-9999,-29.57609,0.6926223,64.97094,0,35.56647,2.009298,160.0493
201501010600,201501010659,635.934,-68.7645,-9999,-496.142,-9999,-28.8311,-9999,-9999,-9999,-9999,-9999,-9999,-29.5194,0.6952155,64.9832,0,31.68552,1.786157,153.8322
201501010700,201501010759,636.997,-69.8261,-9999,-498.71,-9999,-28.3311,-9999,-9999,-9999,-9999,-9999,-9999,-29.65545,0.703254,64.99283,0,25.44925,1.777353,152.5348
201501010800,201501010859,639.17,-69.8822,-9999,-501.964,-9999,-28.3476,-9999,-9999,-9999,-9999,-9999,-9999,-30.00205,0.7067835,64.99721,0,17.64393,1.931326,153.7645
201501010900,201501010959,637.143,-69.7268,-9999,-500.686,-9999,-28.5476,-9999,-9999,-9999,-9999,-9999,-9999,-32.30839,0.7129089,65.00509,0,8.611569,2.328745,153.3383
201501011000,201501011059,629.26,-71.1673,-9999,-501.985,-9999,-29.0796,-9999,-9999,-9999,-9999,-9999,-9999,-31.33338,0.7011628,64.99283,0,-1.252836,2.817398,156.0196
201501011100,201501011159,582.068,-71.0494,-9999,-508.869,-9999,-29.7296,-9999,-9999,-9999,-9999,-9999,-9999,-31.95369,0.7055794,65.00509,0,-11.18571,3.061311,147.0609
201501011200,201501011259,529.764,-72.18,-9999,-504.29,-9999,-30.73,-9999,-9999,-9999,-9999,-9999,-9999,-33.06961,0.7119356,64.97182,0,-20.38378,3.078398,138.8685
201501011300,201501011359,480.725,-73.9239,-9999,-505.207,-9999,-31.855,-9999,-9999,-9999,-9999,-9999,-9999,-33.70451,0.7177985,64.99458,0,-28.17431,2.97047,131.9817
201501011400,201501011459,435.157,-71.2225,-9999,-518.019,-9999,-32.8232,-9999,-9999,-9999,-9999,-9999,-9999,-37.08141,0.7436278,65.00421,0,-33.96397,2.73937,126.1801
201501011500,201501011559,365.881,-70.5591,-9999,-522.008,-9999,-33.7357,-9999,-9999,-9999,-9999,-9999,-9999,-35.49095,0.758602,65.0191,0,-37.69959,2.514455,120.7439
201501011600,201501011659,338.472,-68.8918,-9999,-524.714,-9999,-33.2926,-9999,-9999,-9999,-9999,-9999,-9999,-35.55735,0.7660512,65.03748,0,-38.97021,2.185915,111.5619
201501011700,201501011759,321.195,-70.4277,-9999,-525.552,-9999,-32.3676,-9999,-9999,-9999,-9999,-9999,-9999,-35.5946,0.7715666,65.05325,0,-37.68599,1.883371,101.6218
201501011800,201501011859,368.741,-70.4024,-9999,-523.328,-9999,-32.8351,-9999,-9999,-9999,-9999,-9999,-9999,-35.62537,0.772885,65.0655,0,-34.05133,1.682127,98.51681
201501011900,201501011959,347.764,-76.261,-9999,-498.924,-9999,-33.7976,-9999,-9999,-9999,-9999,-9999,-9999,-35.54763,0.7695904,65.07163,0,-28.37793,1.52799,106.3258
201501012000,201501012059,329.184,-71.0868,-9999,-530.555,-9999,-34.9077,-9999,-9999,-9999,-9999,-9999,-9999,-35.49743,0.7542969,65.09352,0,-20.75211,1.358062,109.2418
201501012100,201501012159,316.826,-72.0497,-9999,-518.827,-9999,-36.0702,-9999,-9999,-9999,-9999,-9999,-9999,-36.73806,0.7432829,65.12154,0,-11.81648,1.06377,103.5993
201501012200,201501012259,373.613,-72.5823,-9999,-517.684,-9999,-34.8626,-9999,-9999,-9999,-9999,-9999,-9999,-36.08535,0.7271096,65.14956,0,-2.150409,0.8218791,88.92237
201501012300,201501012359,430.229,-72.658,-9999,-512.702,-9999,-32.8126,-9999,-9999,-9999,-9999,-9999,-9999,-34.91436,0.7035848,65.13029,0,7.707939,0.3836847,94.88124
201501020000,201501020059,538.093,-71.4065,-9999,-515.822,-9999,-31.5188,-9999,-9999,-9999,-9999,-9999,-9999,-31.70913,0.7118012,65.14255,0,16.92149,0.1981726,126.125
201501020100,201501020159,592.607,-71.1182,-9999,-503.427,-9999,-30.4938,-9999,-9999,-9999,-9999,-9999,-9999,-31.44027,0.7100244,65.16006,0,29.96779,0.0564408,165.7177
201501020200,201501020259,574.82,-71.3688,-9999,-509.526,-9999,-29.976,-9999,-9999,-9999,-9999,-9999,-9999,-31.11311,0.7136273,65.14868,0,33.30528,0.1271488,136.2043
201501020300,201501020359,569.875,-69.4064,-9999,-507.106,-9999,-29.6385,-9999,-9999,-9999,-9999,-9999,-9999,-32.43148,0.7086805,65.17145,0,36.84746,0.2835042,126.0756
201501020400,201501020459,566.09,-71.3351,-9999,-508.034,-9999,-29.3471,-9999,-9999,-9999,-9999,-9999,-9999,-29.41251,0.7075149,65.1802,0,37.99746,0.3823856,106.6898
201501020500,201501020559,573.936,-72.6841,-9999,-507.75,-9999,-29.0721,-9999,-9999,-9999,-9999,-9999,-9999,-29.14689,0.7035947,65.19772,0,36.85623,0.4401508,78.51815
201501020600,201501020659,583.653,-71.0482,-9999,-503.457,-9999,-28.8617,-9999,-9999,-9999,-9999,-9999,-9999,-28.96387,0.7011151,65.22135,0,35.67492,0.5447201,40.15434
201501020700,201501020759,584.226,-71.3924,-9999,-511.921,-9999,-28.6742,-9999,-9999,-9999,-9999,-9999,-9999,-28.95901,0.7093597,65.22748,0,28.29523,0.698974,5.333801
201501020800,201501020859,602.747,-72.561,-9999,-499.915,-9999,-28.6311,-9999,-9999,-9999,-9999,-9999,-9999,-29.19548,0.7069048,65.23536,0,20.7123,0.9352422,341.3945
201501020900,201501020959,624.672,-69.9576,-9999,-500.851,-9999,-28.6395,-9999,-9999,-9999,-9999,-9999,-9999,-32.01524,0.7058161,65.24149,0,12.05138,1.00658,324.2791
201501021000,201501021059,597.369,-71.8956,-9999,-509.666,-9999,-28.6478,-9999,-9999,-9999,-9999,-9999,-9999,-29.33639,0.6732206,65.21697,0,3.405405,1.060543,300.584
201501021100,201501021159,590.43,-73.5665,-9999,-512.211,-9999,-28.9636,-9999,-9999,-9999,-9999,-9999,-9999,-29.32991,0.6765031,65.23886,0,-6.048203,0.7923146,288.6199
201501021200,201501021259,572.049,-71.6005,-9999,-498.405,-9999,-29.3886,-9999,-9999,-9999,-9999,-9999,-9999,-29.51616,0.6833978,65.24674,0,-15.20337,0.5982915,259.7161
201501021300,201501021359,561.112,-69.4576,-9999,-496.064,-9999,-30.164,-9999,-9999,-9999,-9999,-9999,-9999,-29.7008,0.6937657,65.24762,0,-22.8393,0.5302268,207.196
201501021400,201501021459,448.585,-73.0177,-9999,-508.279,-9999,-31.064,-9999,-9999,-9999,-9999,-9999,-9999,-30.33569,0.7431158,65.26338,0,-28.74874,0.4768236,178.3266
201501021500,201501021559,502.06,-71.6699,-9999,-515.006,-9999,-31.6043,-9999,-9999,-9999,-9999,-9999,-9999,-32.23227,0.7646781,65.27126,0,-32.31227,0.3383179,141.6054
201501021600,201501021659,525.049,-71.9923,-9999,-512.009,-9999,-32.0168,-9999,-9999,-9999,-9999,-9999,-9999,-33.53768,0.7799957,65.25112,0,-33.95534,0.4008977,99.5805
201501021700,201501021759,481.382,-71.2032,-9999,-504.113,-9999,-32.955,-9999,-9999,-9999,-9999,-9999,-9999,-33.66887,0.7833138,65.26951,0,-30.36682,0.5743484,71.12226
201501021800,201501021859,474.481,-68.7826,-9999,-503.952,-9999,-34.08,-9999,-9999,-9999,-9999,-9999,-9999,-33.65591,0.7784013,65.27389,0,-22.73603,0.7779871,45.98238
201501021900,201501021959,331.433,-70.3471,-9999,-500.715,-9999,-34.6332,-9999,-9999,-9999,-9999,-9999,-9999,-33.43565,0.7720426,65.25725,0,-18.06136,0.900965,20.61571
201501022000,201501022059,353.688,-75.3942,-9999,-516.497,-9999,-34.9832,-9999,-9999,-9999,-9999,-9999,-9999,-32.95462,0.7536733,65.28702,0,-10.48939,0.9755101,14.00906
201501022100,201501022159,450.414,-72.488,-9999,-514.774,-9999,-34.2727,-9999,-9999,-9999,-9999,-9999,-9999,-32.66309,0.7441985,65.25725,0,-5.583859,0.894047,17.79178
201501022200,201501022259,411.408,-73.7866,-9999,-516.701,-9999,-33.1852,-9999,-9999,-9999,-9999,-9999,-9999,-32.27924,0.7501586,65.27301,0,3.372812,1.024985,8.531662
201501022300,201501022359,506.958,-71.992,-9999,-511.611,-9999,-32.0516,-9999,-9999,-9999,-9999,-9999,-9999,-31.58442,0.7279238,65.26776,0,16.13384,0.8037871,6.141769
201501030000,201501030059,565.015,-72.5766,-9999,-512.227,-9999,-30.9016,-9999,-9999,-9999,-9999,-9999,-9999,-31.09691,0.718565,65.24236,0,31.43466,0.5316348,36.49982
201501030100,201501030159,627.324,-71.5701,-9999,-497.922,-9999,-29.8253,-9999,-9999,-9999,-9999,-9999,-9999,-30.27415,0.7190463,65.23186,0,47.21844,0.5870129,72.05927
201501030200,201501030259,643.735,-72.5493,-9999,-500.087,-9999,-28.7753,-9999,-9999,-9999,-9999,-9999,-9999,-29.40927,0.7065901,65.23186,0,60.19437,0.8846461,76.94289
201501030300,201501030359,672.225,-71.3654,-9999,-502.144,-9999,-28.2326,-9999,-9999,-9999,-9999,-9999,-9999,-27.74106,0.7020684,65.22135,0.01205975,64.45884,1.208449,75.52383
201501030400,201501030459,667.705,-71.4935,-9999,-507.615,-9999,-27.8701,-9999,-9999,-9999,-9999,-9999,-9999,-27.27137,0.6770778,65.20997,0.01464399,63.69197,1.549385,64.83392
201501030500,201501030559,648.116,-71.6623,-9999,-503.35,-9999,-27.6182,-9999,-9999,-9999,-9999,-9999,-9999,-26.85351,0.6698554,65.20997,0.0155054,72.7339,1.864518,51.41043
201501030600,201501030659,645.651,-72.3444,-9999,-500.121,-9999,-27.4057,-9999,-9999,-9999,-9999,-9999,-9999,-26.73528,0.6764904,65.19596,0.01292116,62.93152,2.129537,41.90585
201501030700,201501030759,641.381,-70.709,-9999,-497.483,-9999,-27.2209,-9999,-9999,-9999,-9999,-9999,-9999,-26.58465,0.6792408,65.19596,0,57.58733,2.309275,32.86536
201501030800,201501030859,640.422,-72.3833,-9999,-507.794,-9999,-27.0459,-9999,-9999,-9999,-9999,-9999,-9999,-26.62838,0.6994842,65.20822,0,46.80481,2.078504,31.75874
201501030900,201501030959,651.876,-74.6468,-9999,-507.665,-9999,-27.0646,-9999,-9999,-9999,-9999,-9999,-9999,-28.52334,0.7222609,65.18896,0,31.99607,2.148838,34.8575
201501031000,201501031059,676.37,-73.0779,-9999,-493.941,-9999,-27.1521,-9999,-9999,-9999,-9999,-9999,-9999,-26.38058,0.6958867,65.18546,0,18.66479,2.2839,18.86966
201501031100,201501031159,668.091,-72.9903,-9999,-507.43,-9999,-27.3502,-9999,-9999,-9999,-9999,-9999,-9999,-28.07308,0.7099787,65.16181,0,-0.1655076,2.353109,17.73082
201501031200,201501031259,618.607,-73.2713,-9999,-509.487,-9999,-27.5877,-9999,-9999,-9999,-9999,-9999,-9999,-29.11126,0.730707,65.15393,0,-13.59434,2.330203,16.49385
201501031300,201501031359,571.808,-73.3353,-9999,-498.096,-9999,-28.7382,-9999,-9999,-9999,-9999,-9999,-9999,-29.47729,0.7518104,65.1443,0,-22.45964,2.208422,18.4417
201501031400,201501031459,488.305,-74.3547,-9999,-509.963,-9999,-30.2132,-9999,-9999,-9999,-9999,-9999,-9999,-30.69039,0.8192204,65.1478,0,-28.59348,2.198851,20.99168
201501031500,201501031559,402.338,-74.2975,-9999,-522.495,-9999,-31.8266,-9999,-9999,-9999,-9999,-9999,-9999,-33.5474,0.8359054,65.14168,0,-30.62063,2.431931,24.82219
201501031600,201501031659,346.248,-76.1921,-9999,-520.981,-9999,-33.4891,-9999,-9999,-9999,-9999,-9999,-9999,-34.00575,0.8459372,65.13992,0,-32.42973,2.665829,25.27119
201501031700,201501031759,346.499,-75.8389,-9999,-506.028,-9999,-34.1002,-9999,-9999,-9999,-9999,-9999,-9999,-34.06406,0.8514138,65.15743,0,-34.07832,2.794555,23.53809
201501031800,201501031859,366.696,-73.699,-9999,-518.35,-9999,-34.3377,-9999,-9999,-9999,-9999,-9999,-9999,-34.1418,0.843404,65.15131,0,-30.24127,2.757404,21.97766
201501031900,201501031959,334.717,-77.1016,-9999,-522.365,-9999,-34.8519,-9999,-9999,-9999,-9999,-9999,-9999,-33.97012,0.832014,65.14606,0,-25.17651,2.775707,23.3696
201501032000,201501032059,330.815,-76.7351,-9999,-530.245,-9999,-35.4644,-9999,-9999,-9999,-9999,-9999,-9999,-33.32875,0.8274406,65.14693,0,-17.88461,2.790386,24.95067
201501032100,201501032159,375.51,-74.4249,-9999,-513.015,-9999,-34.7489,-9999,-9999,-9999,-9999,-9999,-9999,-32.78294,0.821807,65.14168,0,-8.212335,2.665866,29.09273
201501032200,201501032259,445.96,-75.3947,-9999,-513.727,-9999,-33.5614,-9999,-9999,-9999,-9999,-9999,-9999,-32.97729,0.8111963,65.1373,0,-2.641885,2.956558,28.91087
201501032300,201501032359,526.221,-74.2553,-9999,-514.369,-9999,-32.254,-9999,-9999,-9999,-9999,-9999,-9999,-32.08488,0.8049682,65.10315,0,14.00043,2.857799,26.5683
201501040000,201501040059,573.507,-72.5633,-9999,-513.76,-9999,-30.904,-9999,-9999,-9999,-9999,-9999,-9999,-31.4095,0.7775564,65.11103,0,21.65622,2.46904,24.57768
201501040100,201501040159,628.415,-73.6658,-9999,-511.426,-9999,-29.6923,-9999,-9999,-9999,-9999,-9999,-9999,-30.7244,0.7369811,65.10753,0,40.98645,2.171337,26.767
201501040200,201501040259,674.386,-72.75,-9999,-507.03,-9999,-28.5298,-9999,-9999,-9999,-9999,-9999,-9999,-28.05527,0.7322381,65.11015,0,54.84406,2.214389,26.9595
201501040300,201501040359,701.645,-71.9603,-9999,-486.923,-9999,-27.6624,-9999,-9999,-9999,-9999,-9999,-9999,-26.11172,0.7174684,65.12066,0,59.3101,2.497747,28.29857
201501040400,201501040459,696.628,-70.7128,-9999,-488.586,-9999,-26.8999,-9999,-9999,-9999,-9999,-9999,-9999,-25.46225,0.7139696,65.11453,0,59.95728,2.234464,36.05846
201501040500,201501040559,737.73,-69.7389,-9999,-487.938,-9999,-26.3957,-9999,-9999,-9999,-9999,-9999,-9999,-25.34888,0.7054176,65.10665,0,60.73663,2.198718,47.17169
201501040600,201501040659,755.183,-68.0949,-9999,-488.582,-9999,-25.9832,-9999,-9999,-9999,-9999,-9999,-9999,-25.44444,0.7013749,65.12066,0,53.97678,2.25816,57.32582
201501040700,201501040759,774.136,-67.4414,-9999,-482.153,-9999,-25.6906,-9999,-9999,-9999,-9999,-9999,-9999,-25.34564,0.715713,65.12329,0,40.50343,2.624216,61.0009
201501040800,201501040859,804.78,-68.1228,-9999,-478.67,-9999,-25.4406,-9999,-9999,-9999,-9999,-9999,-9999,-25.6145,0.71939,65.14342,0,35.94644,2.70224,54.14264
201501040900,201501040959,812.406,-66.3828,-9999,-475.209,-9999,-25.5594,-9999,-9999,-9999,-9999,-9999,-9999,-25.7797,0.728029,65.1338,0,32.86393,2.781804,46.59244
201501041000,201501041059,806.823,-67.1683,-9999,-476.707,-9999,-25.8094,-9999,-9999,-9999,-9999,-9999,-9999,-26.33361,0.7160048,65.14168,0,19.509,3.006706,40.37891
201501041100,201501041159,729.689,-69.0956,-9999,-486.063,-9999,-26.8618,-9999,-9999,-9999,-9999,-9999,-9999,-27.36369,0.7199032,65.14168,0,16.93946,3.203932,33.05708
201501041200,201501041259,675.229,-69.8297,-9999,-479.705,-9999,-28.1993,-9999,-9999,-9999,-9999,-9999,-9999,-28.35814,0.7304612,65.13992,0,-1.076162,3.176409,25.21629
201501041300,201501041359,567.147,-71.0501,-9999,-493.67,-9999,-29.9887,-9999,-9999,-9999,-9999,-9999,-9999,-29.22949,0.7417976,65.13292,0,-8.301926,2.844731,20.17024
201501041400,201501041459,435.582,-69.1491,-9999,-491.729,-9999,-31.9387,-9999,-9999,-9999,-9999,-9999,-9999,-30.06845,0.7761204,65.16181,0,-14.54208,2.343387,15.20293
201501041500,201501041559,378.762,-70.1862,-9999,-492.82,-9999,-33.1693,-9999,-9999,-9999,-9999,-9999,-9999,-32.26466,0.7962526,65.15218,0,-19.11242,1.899045,13.25264
201501041600,201501041659,367.428,-70.9639,-9999,-479.737,-9999,-34.1443,-9999,-9999,-9999,-9999,-9999,-9999,-32.50275,0.8043855,65.18108,0,-16.37917,1.570197,9.241333
201501041700,201501041759,365.009,-69.9827,-9999,-492.972,-9999,-34.815,-9999,-9999,-9999,-9999,-9999,-9999,-32.37318,0.8115703,65.20734,0,-14.87627,1.293579,1.281891
201501041800,201501041859,310.105,-67.8021,-9999,-502.065,-9999,-35.3775,-9999,-9999,-9999,-9999,-9999,-9999,-32.74245,0.8195453,65.20034,0,-16.11467,1.148847,354.6962
201501041900,201501041959,347.373,-67.9068,-9999,-501.857,-9999,-34.9071,-9999,-9999,-9999,-9999,-9999,-9999,-32.05087,0.825585,65.21435,0,-12.13964,0.9007127,345.5792
201501042000,201501042059,512.867,-66.165,-9999,-474.401,-9999,-34.0696,-9999,-9999,-9999,-9999,-9999,-9999,-32.06869,0.8295196,65.20384,0,-13.85925,0.8809223,338.251
201501042100,201501042159,556.931,-65.0671,-9999,-467.384,-9999,-32.4574,-9999,-9999,-9999,-9999,-9999,-9999,-31.17628,0.824373,65.23011,0,-10.66907,0.7737563,323.1021
201501042200,201501042259,650.883,-63.9782,-9999,-466.207,-9999,-30.5699,-9999,-9999,-9999,-9999,-9999,-9999,-32.425,0.8076091,65.245,0,-2.720426,1.23381,304.3937
201501042300,201501042359,752.029,-64.945,-9999,-463.324,-9999,-28.7654,-9999,-9999,-9999,-9999,-9999,-9999,-32.16586,0.7832127,65.23273,0,7.982787,1.654313,293.2811
201501050000,201501050059,852.214,-64.6701,-9999,-457.533,-9999,-26.9904,-9999,-9999,-9999,-9999,-9999,-9999,-31.51801,0.7581385,65.24149,0,17.22207,1.744855,276.4448
201501050100,201501050159,853.236,-60.852,-9999,-445.521,-9999,-26.1284,-9999,-9999,-9999,-9999,-9999,-9999,-30.57702,0.7408366,65.25813,0,24.74142,1.710971,259.9618
201501050200,201501050259,856.406,-59.9685,-9999,-442.146,-9999,-25.5909,-9999,-9999,-9999,-9999,-9999,-9999,-30.16563,0.7389774,65.29578,0,34.52822,1.809414,244.0311
201501050300,201501050359,854.422,-59.8242,-9999,-441.369,-9999,-25.3486,-9999,-9999,-9999,-9999,-9999,-9999,-27.61473,0.7384177,65.27914,0,36.01135,1.730766,235.6847
201501050400,201501050459,844.774,-60.3045,-9999,-447.574,-9999,-25.2111,-9999,-9999,-9999,-9999,-9999,-9999,-27.34911,0.7387789,65.32555,0,37.69749,1.69014,235.2371
201501050500,201501050559,855.628,-61.918,-9999,-443.85,-9999,-25.0736,-9999,-9999,-9999,-9999,-9999,-9999,-27.14504,0.7386676,65.32029,0,35.99171,1.698373,240.4577
201501050600,201501050659,857.989,-61.4021,-9999,-445.952,-9999,-24.9361,-9999,-9999,-9999,-9999,-9999,-9999,-25.70034,0.7398862,65.35882,0,32.23407,1.946367,243.1694
201501050700,201501050759,878.052,-63.1394,-9999,-445.357,-9999,-24.9646,-9999,-9999,-9999,-9999,-9999,-9999,-27.30376,0.7404577,65.35356,0,26.61904,2.263463,241.7621
201501050800,201501050859,853.76,-63.3526,-9999,-456.5,-9999,-25.0521,-9999,-9999,-9999,-9999,-9999,-9999,-27.63902,0.7406996,65.37633,0,18.82836,2.657391,235.5862
201501050900,201501050959,846.341,-64.2157,-9999,-459.564,-9999,-25.3701,-9999,-9999,-9999,-9999,-9999,-9999,-30.30168,0.7438253,65.37545,0,9.553083,2.951982,227.6683
201501051000,201501051059,805.364,-65.7413,-9999,-476.041,-9999,-25.7701,-9999,-9999,-9999,-9999,-9999,-9999,-27.96295,0.7049638,65.3667,0,-0.3099746,3.414698,220.1177
201501051100,201501051159,727.335,-68.109,-9999,-474.732,-9999,-26.788,-9999,-9999,-9999,-9999,-9999,-9999,-29.04809,0.7072647,65.39909,0,-10.35034,3.504186,212.0196
201501051200,201501051259,633.455,-68.752,-9999,-478.074,-9999,-28.0255,-9999,-9999,-9999,-9999,-9999,-9999,-29.75587,0.7096259,65.39471,0,-19.6734,3.494767,204.9931
201501051300,201501051359,517.971,-69.5444,-9999,-490.166,-9999,-29.8993,-9999,-9999,-9999,-9999,-9999,-9999,-32.48979,0.713735,65.39384,0,-27.55056,3.403475,200.6145
201501051400,201501051459,438.729,-68.4043,-9999,-505.923,-9999,-31.9993,-9999,-9999,-9999,-9999,-9999,-9999,-33.11496,0.7529657,65.41573,0,-33.5399,3.278321,199.7574
201501051500,201501051559,342.951,-70.6909,-9999,-503.355,-9999,-34.1178,-9999,-9999,-9999,-9999,-9999,-9999,-35.49743,0.763452,65.40435,0,-37.32095,3.228387,200.7395
201501051600,201501051659,278.032,-71.0063,-9999,-508.877,-9999,-36.2428,-9999,-9999,-9999,-9999,-9999,-9999,-35.75818,0.7672741,65.40872,0,-38.83095,3.268304,202.6068
201501051700,201501051759,262.284,-75.1068,-9999,-512.999,-9999,-36.9844,-9999,-9999,-9999,-9999,-9999,-9999,-36.18414,0.7682302,65.43149,0,-36.99731,3.317257,204.3068
201501051800,201501051859,289.127,-72.3707,-9999,-518.561,-9999,-37.2344,-9999,-9999,-9999,-9999,-9999,-9999,-36.03676,0.7709895,65.42361,0,-34.78901,3.36616,205.2619
201501051900,201501051959,276.487,-69.2278,-9999,-535.017,-9999,-37.1248,-9999,-9999,-9999,-9999,-9999,-9999,-35.36948,0.764208,65.43849,0,-30.54635,3.394766,205.7262
201501052000,201501052059,314.195,-71.9364,-9999,-523.281,-9999,-36.8873,-9999,-9999,-9999,-9999,-9999,-9999,-35.22047,0.7302966,65.44199,0,-19.74585,3.299362,204.7149
201501052100,201501052159,329.159,-74.989,-9999,-522.343,-9999,-36.0411,-9999,-9999,-9999,-9999,-9999,-9999,-32.95462,0.7420961,65.44112,0,-13.23934,3.230617,203.2133
201501052200,201501052259,390.445,-72.1929,-9999,-517.787,-9999,-34.9786,-9999,-9999,-9999,-9999,-9999,-9999,-31.77068,0.7077773,65.42098,0,-3.612304,3.204537,201.2271
201501052300,201501052359,505.042,-68.7943,-9999,-502.759,-9999,-33.3443,-9999,-9999,-9999,-9999,-9999,-9999,-31.01269,0.7201108,65.42448,0,4.671487,3.091974,203.812
201501060000,201501060059,647.16,-69.6263,-9999,-495.597,-9999,-31.5068,-9999,-9999,-9999,-9999,-9999,-9999,-30.63046,0.7227609,65.42448,0,15.29222,2.956959,205.2502
201501060100,201501060159,730.481,-69.275,-9999,-491.033,-9999,-29.8722,-9999,-9999,-9999,-9999,-9999,-9999,-30.27091,0.7280092,65.43674,0,23.75362,2.969897,207.4155
201501060200,201501060259,761.097,-69.4688,-9999,-486.205,-9999,-28.3097,-9999,-9999,-9999,-9999,-9999,-9999,-29.37202,0.7317712,65.43587,0,31.45546,3.340231,207.9712
201501060300,201501060359,814.013,-66.5547,-9999,-464.618,-9999,-27.2729,-9999,-9999,-9999,-9999,-9999,-9999,-28.40025,0.7156608,65.4201,0,35.68265,3.782558,207.0777
201501060400,201501060459,854.111,-66.0243,-9999,-471.944,-9999,-26.4229,-9999,-9999,-9999,-9999,-9999,-9999,-26.80168,0.7169609,65.41486,0,37.66233,3.876149,206.9522
201501060500,201501060559,871.086,-68.1005,-9999,-473.782,-9999,-25.9326,-9999,-9999,-9999,-9999,-9999,-9999,-26.48261,0.7088057,65.4061,0,36.51437,4.020942,207.569
201501060600,201501060659,835.443,-69.0348,-9999,-467.879,-9999,-25.5701,-9999,-9999,-9999,-9999,-9999,-9999,-28.01801,0.72274,65.40522,0,32.77103,4.114464,206.7037
201501060700,201501060759,848.486,-65.2709,-9999,-464.17,-9999,-25.5303,-9999,-9999,-9999,-9999,-9999,-9999,-28.1492,0.7215155,65.4096,0,26.13405,3.833084,206.3745
201501060800,201501060859,867.737,-64.9144,-9999,-475.758,-9999,-25.6053,-9999,-9999,-9999,-9999,-9999,-9999,-28.4132,0.7204999,65.40084,0,17.50865,4.048485,204.3739
201501060900,201501060959,815.413,-67.3666,-9999,-484.91,-9999,-26.0584,-9999,-9999,-9999,-9999,-9999,-9999,-30.91876,0.7208853,65.39734,0,7.537441,4.258873,201.5836
201501061000,201501061059,755.319,-69.6443,-9999,-485.799,-9999,-26.6459,-9999,-9999,-9999,-9999,-9999,-9999,-29.51455,0.7112592,65.41836,0,-3.434708,4.561492,198.5286
201501061100,201501061159,660.663,-69.9007,-9999,-492.704,-9999,-27.9528,-9999,-9999,-9999,-9999,-9999,-9999,-29.96642,0.708179,65.39384,0,-14.53589,4.667875,196.0734
201501061200,201501061259,567.561,-71.2376,-9999,-506.423,-9999,-29.5153,-9999,-9999,-9999,-9999,-9999,-9999,-30.47174,0.7072327,65.37458,0,-25.10329,4.707507,193.2276
201501061300,201501061359,452.002,-73.2328,-9999,-498.08,-9999,-31.4836,-9999,-9999,-9999,-9999,-9999,-9999,-31.46457,0.7096001,65.36845,0,-34.18644,4.686357,190.9101
201501061400,201501061459,374.175,-72.0719,-9999,-506.503,-9999,-33.5961,-9999,-9999,-9999,-9999,-9999,-9999,-32.49951,0.7140896,65.35619,0,-41.27293,4.585538,189.5129
201501061500,201501061559,311.062,-73.335,-9999,-542.182,-9999,-35.3581,-9999,-9999,-9999,-9999,-9999,-9999,-36.19062,0.7245809,65.35094,0,-45.79012,4.517641,188.6413
201501061600,201501061659,288.173,-71.9183,-9999,-520.531,-9999,-36.9956,-9999,-9999,-9999,-9999,-9999,-9999,-36.45948,0.7284157,65.33955,0,-47.66062,4.531991,188.9852
201501061700,201501061759,286.691,-76.2792,-9999,-515.398,-9999,-37.6279,-9999,-9999,-9999,-9999,-9999,-9999,-36.85305,0.7294854,65.32993,0,-46.95307,4.619193,189.2165
201501061800,201501061859,291.806,-72.5999,-9999,-527.21,-9999,-37.9029,-9999,-9999,-9999,-9999,-9999,-9999,-36.76559,0.728986,65.33343,0,-43.64576,4.711813,187.4717
201501061900,201501061959,409.07,-70.2091,-9999,-501.041,-9999,-37.2464,-9999,-9999,-9999,-9999,-9999,-9999,-36.39956,0.7008296,65.31504,0,-38.26138,4.853454,186.3004
201501062000,201501062059,394.415,-70.919,-9999,-487.929,-9999,-36.2589,-9999,-9999,-9999,-9999,-9999,-9999,-35.81973,0.6998142,65.31679,0,-30.29911,4.888384,184.358
201501062100,201501062159,447.198,-68.5101,-9999,-493.963,-9999,-34.838,-9999,-9999,-9999,-9999,-9999,-9999,-34.51756,0.7029751,65.30716,0,-21.02384,4.977339,182.2601
201501062200,201501062259,611.547,-67.4368,-9999,-490.605,-9999,-33.263,-9999,-9999,-9999,-9999,-9999,-9999,-32.58535,0.7041677,65.31329,0,-10.62331,5.024617,181.6335
201501062300,201501062359,694.21,-63.4424,-9999,-464.356,-9999,-31.7618,-9999,-9999,-9999,-9999,-9999,-9999,-32.13671,0.70307,65.29402,0,0.1866791,4.963942,180.8098
201501070000,201501070059,817.005,-65.6865,-9999,-471.034,-9999,-30.2868,-9999,-9999,-9999,-9999,-9999,-9999,-31.35119,0.7030765,65.28615,0,10.93408,4.823239,180.3697
201501070100,201501070159,976.574,-63.7831,-9999,-458.981,-9999,-29.485,-9999,-9999,-9999,-9999,-9999,-9999,-30.67419,0.6972908,65.252,0,19.99234,5.228226,179.4964
201501070200,201501070259,877.883,-65.2245,-9999,-469.679,-9999,-28.9225,-9999,-9999,-9999,-9999,-9999,-9999,-30.07007,0.6924846,65.24236,0,29.09616,5.6486,176.16
201501070300,201501070359,862.458,-65.7726,-9999,-473.825,-9999,-28.2862,-9999,-9999,-9999,-9999,-9999,-9999,-28.48771,0.6817693,65.23711,0,32.73726,5.754556,173.1174
201501070400,201501070459,844.215,-66.3585,-9999,-473.565,-9999,-27.6237,-9999,-9999,-9999,-9999,-9999,-9999,-27.94351,0.6695936,65.20122,0,35.22042,5.931574,169.5585
201501070500,201501070559,869.46,-65.9504,-9999,-470.092,-9999,-27.1272,-9999,-9999,-9999,-9999,-9999,-9999,-27.88197,0.6711139,65.19859,0,34.60388,5.49718,168.957
201501070600,201501070659,859.224,-67.3052,-9999,-468.152,-9999,-26.6897,-9999,-9999,-9999,-9999,-9999,-9999,-29.07725,0.6818054,65.17057,0,31.22844,4.970824,168.4543
201501070700,201501070759,859.155,-68.0621,-9999,-465.715,-9999,-26.5197,-9999,-9999,-9999,-9999,-9999,-9999,-29.15499,0.6910347,65.18896,0,25.07207,4.788239,167.6155
201501070800,201501070859,819.968,-69.457,-9999,-466.225,-9999,-26.4447,-9999,-9999,-9999,-9999,-9999,-9999,-29.33315,0.6946486,65.15656,0,16.86403,4.620957,166.5606
201501070900,201501070959,772.577,-69.6948,-9999,-469.22,-9999,-26.8584,-9999,-9999,-9999,-9999,-9999,-9999,-31.91968,0.7008013,65.16882,0,9.342296,4.632672,164.8835
201501071000,201501071059,761.342,-69.012,-9999,-460.5,-9999,-27.4459,-9999,-9999,-9999,-9999,-9999,-9999,-30.2126,0.6937979,65.15393,0,1.859075,4.794246,163.1174
201501071100,201501071159,616.636,-69.8229,-9999,-485.968,-9999,-29.011,-9999,-9999,-9999,-9999,-9999,-9999,-30.76651,0.6961095,65.14606,0,-10.05512,4.751228,162.1881
201501071200,201501071259,494.799,-70.1078,-9999,-503.894,-9999,-30.9235,-9999,-9999,-9999,-9999,-9999,-9999,-31.08396,0.703094,65.12942,0,-17.10131,4.640391,160.0211
201501071300,201501071359,425.147,-71.3958,-9999,-506.573,-9999,-32.7899,-9999,-9999,-9999,-9999,-9999,-9999,-32.07516,0.7153414,65.1049,0,-26.38733,4.557241,155.4316
201501071400,201501071459,369.094,-71.3017,-9999,-501.042,-9999,-34.6399,-9999,-9999,-9999,-9999,-9999,-9999,-34.39122,0.7353668,65.09002,0,-31.77174,4.405707,151.0726
201501071500,201501071559,317.861,-73.2452,-9999,-511.78,-9999,-35.789,-9999,-9999,-9999,-9999,-9999,-9999,-35.38567,0.7485577,65.069,0,-30.60368,4.207964,147.9958
201501071600,201501071659,352.519,-70.4764,-9999,-498.997,-9999,-36.689,-9999,-9999,-9999,-9999,-9999,-9999,-35.82945,0.7642701,65.05237,0,-39.25035,4.060004,148.3227
201501071700,201501071759,460.242,-69.8264,-9999,-496.918,-9999,-35.5601,-9999,-9999,-9999,-9999,-9999,-9999,-34.55967,0.761205,65.05587,0,-26.14413,3.851539,151.5685
201501071800,201501071859,488.554,-69.5915,-9999,-505.47,-9999,-33.7101,-9999,-9999,-9999,-9999,-9999,-9999,-34.50298,0.7734122,65.04887,0,-30.10505,3.772504,153.2225
201501071900,201501071959,649.069,-67.5759,-9999,-490.883,-9999,-32.4042,-9999,-9999,-9999,-9999,-9999,-9999,-34.49002,0.7772771,65.062,0,-24.29104,3.601752,154.6786
201501072000,201501072059,716.525,-66.7465,-9999,-477.301,-9999,-31.2917,-9999,-9999,-9999,-9999,-9999,-9999,-34.2487,0.7393676,65.04099,0,-16.4731,3.400848,154.1393
201501072100,201501072159,705.445,-64.9408,-9999,-478.844,-9999,-31.166,-9999,-9999,-9999,-9999,-9999,-9999,-35.92986,0.7155716,65.05325,0,-7.37397,3.202168,151.9779
201501072200,201501072259,693.39,-66.142,-9999,-475.584,-9999,-31.391,-9999,-9999,-9999,-9999,-9999,-9999,-33.37896,0.7047358,65.05149,0,2.487906,3.315119,148.307
201501072300,201501072359,718.896,-66.2817,-9999,-480.61,-9999,-31.5053,-9999,-9999,-9999,-9999,-9999,-9999,-32.95138,0.7103064,65.05325,0,10.15114,2.988643,151.7773
201501080000,201501080059,704.477,-67.1742,-9999,-487.938,-9999,-31.5803,-9999,-9999,-9999,-9999,-9999,-9999,-30.8815,0.7141734,65.0191,0,18.39372,3.130822,153.411
201501080100,201501080159,736.536,-66.397,-9999,-480.349,-9999,-31.0651,-9999,-9999,-9999,-9999,-9999,-9999,-32.10594,0.7132603,65.00509,0,26.34222,3.604346,152.2076
201501080200,201501080259,822.824,-67.1452,-9999,-480.984,-9999,-30.3401,-9999,-9999,-9999,-9999,-9999,-9999,-29.91135,0.7034951,65.0261,0,41.29898,3.665067,152.9355
201501080300,201501080359,778.017,-67.5248,-9999,-488.827,-9999,-29.5967,-9999,-9999,-9999,-9999,-9999,-9999,-29.11936,0.7037953,65.00246,0,40.6277,3.720073,153.2467
201501080400,201501080459,825.096,-69.229,-9999,-486.759,-9999,-28.8467,-9999,-9999,-9999,-9999,-9999,-9999,-30.84263,0.7038233,65.02698,0,45.22206,3.738741,152.2527
201501080500,201501080559,797.772,-68.8965,-9999,-487.788,-9999,-28.2719,-9999,-9999,-9999,-9999,-9999,-9999,-30.55434,0.7119691,65.01822,0,39.86357,3.720915,152.178
201501080600,201501080659,782.793,-66.9968,-9999,-489.771,-9999,-27.7594,-9999,-9999,-9999,-9999,-9999,-9999,-30.51385,0.7206227,65.04361,0,34.07054,3.480283,154.9718
201501080700,201501080759,751.975,-68.9371,-9999,-490.74,-9999,-27.4221,-9999,-9999,-9999,-9999,-9999,-9999,-30.63532,0.7174623,65.05675,0,26.86564,3.071352,162.2401
201501080800,201501080859,755.686,-69.3818,-9999,-491.852,-9999,-27.1471,-9999,-9999,-9999,-9999,-9999,-9999,-30.97706,0.7123696,65.069,0,20.64061,3.22085,164.1479
201501080900,201501080959,755.641,-69.4708,-9999,-498.226,-9999,-27.3517,-9999,-9999,-9999,-9999,-9999,-9999,-31.80469,0.7178323,65.06287,0,9.844254,3.348062,162.6412
201501081000,201501081059,700.156,-69.4495,-9999,-491.755,-9999,-27.7267,-9999,-9999,-9999,-9999,-9999,-9999,-30.52681,0.7053943,65.08914,0,-1.503693,3.542301,158.9005
201501081100,201501081159,598.866,-71.596,-9999,-501.731,-9999,-28.9501,-9999,-9999,-9999,-9999,-9999,-9999,-31.15522,0.7073736,65.09877,0,-11.15984,3.368821,157.9046
201501081200,201501081259,504.466,-72.306,-9999,-507.948,-9999,-30.4751,-9999,-9999,-9999,-9999,-9999,-9999,-32.55943,0.7121189,65.12504,0,-20.2203,3.096696,155.0511
201501081300,201501081359,435.817,-71.6246,-9999,-510.436,-9999,-31.8894,-9999,-9999,-9999,-9999,-9999,-9999,-33.79682,0.7190354,65.11015,0,-27.80829,2.786035,155.5968
201501081400,201501081459,371.507,-70.159,-9999,-524.692,-9999,-33.2644,-9999,-9999,-9999,-9999,-9999,-9999,-34.39932,0.7260989,65.09702,0,-33.67601,2.429417,160.2552
201501081500,201501081559,318.803,-70.381,-9999,-520.621,-9999,-34.8331,-9999,-9999,-9999,-9999,-9999,-9999,-35.89423,0.7378423,65.0979,0,-37.51946,2.239518,168.4773
201501081600,201501081659,268.071,-71.23,-9999,-518.825,-9999,-36.4706,-9999,-9999,-9999,-9999,-9999,-9999,-37.06522,0.7425266,65.08389,0,-39.08717,2.349064,177.4377
201501081700,201501081759,231.357,-73.9531,-9999,-520.158,-9999,-37.6931,-9999,-9999,-9999,-9999,-9999,-9999,-37.45231,0.743991,65.10052,0,-38.45531,2.544339,184.8769
201501081800,201501081859,216.465,-76.2653,-9999,-525.928,-9999,-38.7681,-9999,-9999,-9999,-9999,-9999,-9999,-36.76073,0.7422521,65.08826,0,-35.46259,2.782598,185.7414
201501081900,201501081959,238.912,-73.2869,-9999,-531.091,-9999,-38.8471,-9999,-9999,-9999,-9999,-9999,-9999,-36.23921,0.7382812,65.09702,0,-30.02942,2.842689,187.8953
201501082000,201501082059,258.786,-58.8718,-9999,-557.83,-9999,-38.5721,-9999,-9999,-9999,-9999,-9999,-9999,-35.91853,0.7280419,65.1014,0,-22.8615,2.873405,190.3372
201501082100,201501082159,294.647,-73.8728,-9999,-538.5,-9999,-37.4118,-9999,-9999,-9999,-9999,-9999,-9999,-34.22278,0.7117885,65.10052,0,-14.19553,2.808671,192.6421
201501082200,201501082259,405.174,-72.5616,-9999,-519.105,-9999,-35.9368,-9999,-9999,-9999,-9999,-9999,-9999,-35.26582,0.7023155,65.08739,0,-4.470082,2.514265,195.2364
201501082300,201501082359,512.207,-71.7806,-9999,-506.891,-9999,-34.0837,-9999,-9999,-9999,-9999,-9999,-9999,-34.42847,0.6998832,65.0725,0,6.494497,2.301056,206.7898
201501090000,201501090059,587.356,-69.1576,-9999,-501.304,-9999,-32.0962,-9999,-9999,-9999,-9999,-9999,-9999,-33.61543,0.6959315,65.02698,0,15.23266,2.263427,210.8673
201501090100,201501090159,677.063,-68.7016,-9999,-498.667,-9999,-30.3577,-9999,-9999,-9999,-9999,-9999,-9999,-32.86716,0.6880029,65.00071,0,23.82578,2.31593,215.2743
201501090200,201501090259,758.985,-67.6231,-9999,-487.877,-9999,-28.7077,-9999,-9999,-9999,-9999,-9999,-9999,-32.16425,0.6802284,64.97444,0,30.5585,2.444572,213.9002
201501090300,201501090359,829.064,-67.2441,-9999,-486.706,-9999,-27.3436,-9999,-9999,-9999,-9999,-9999,-9999,-31.3269,0.6769364,64.96481,0,34.99495,2.672535,213.1532
201501090400,201501090459,833.405,-66.0653,-9999,-483.036,-9999,-26.0811,-9999,-9999,-9999,-9999,-9999,-9999,-30.92038,0.6738803,64.95605,0,36.77916,2.912082,209.7163
201501090500,201501090559,820.01,-65.4807,-9999,-476.511,-9999,-25.5287,-9999,-9999,-9999,-9999,-9999,-9999,-28.24962,0.6741165,64.94817,0,35.83744,3.056537,204.6204
201501090600,201501090659,850.9,-65.1816,-9999,-462.103,-9999,-25.2287,-9999,-9999,-9999,-9999,-9999,-9999,-28.2399,0.6765878,64.9473,0,32.2048,3.256975,198.0118
201501090700,201501090759,884.761,-64.4408,-9999,-473.465,-9999,-25.0117,-9999,-9999,-9999,-9999,-9999,-9999,-28.34356,0.676542,64.93941,0,25.93168,3.435613,192.1281
201501090800,201501090859,852.527,-66.379,-9999,-474.417,-9999,-24.8242,-9999,-9999,-9999,-9999,-9999,-9999,-31.19571,0.6747082,64.93241,0,17.89068,3.605587,188.1252
201501090900,201501090959,847.104,-68.0088,-9999,-484.897,-9999,-25.4759,-9999,-9999,-9999,-9999,-9999,-9999,-31.98771,0.6757143,64.90878,0,8.478808,3.718895,184.0299
201501091000,201501091059,766.51,-67.8954,-9999,-491.03,-9999,-26.4259,-9999,-9999,-9999,-9999,-9999,-9999,-29.17928,0.6489063,64.89827,0,-1.592846,3.87516,184.3419
201501091100,201501091159,641.089,-69.9814,-9999,-496.236,-9999,-28.003,-9999,-9999,-9999,-9999,-9999,-9999,-30.16563,0.65299,64.89827,0,-11.47273,3.763033,185.1599
201501091200,201501091259,540.512,-70.8309,-9999,-495.907,-9999,-29.803,-9999,-9999,-9999,-9999,-9999,-9999,-30.68229,0.6591798,64.84836,0,-20.56432,3.673049,187.0143
201501091300,201501091359,477.735,-70.1739,-9999,-513.206,-9999,-31.3909,-9999,-9999,-9999,-9999,-9999,-9999,-33.22348,0.665751,64.84398,0,-28.35905,3.587168,189.7535
201501091400,201501091459,402.683,-72.6957,-9999,-508.022,-9999,-32.9034,-9999,-9999,-9999,-9999,-9999,-9999,-33.93935,0.6718936,64.81246,0,-34.40744,3.568743,192.1948
201501091500,201501091559,344.037,-72.9814,-9999,-497.17,-9999,-34.6372,-9999,-9999,-9999,-9999,-9999,-9999,-36.50645,0.6940823,64.81421,0,-38.57826,3.591428,193.9032
201501091600,201501091659,303.713,-70.0393,-9999,-500.799,-9999,-36.4497,-9999,-9999,-9999,-9999,-9999,-9999,-36.93889,0.6965277,64.77919,0,-40.28643,3.644797,194.8973
201501091700,201501091759,265.026,-71.0213,-9999,-533.78,-9999,-37.4691,-9999,-9999,-9999,-9999,-9999,-9999,-37.20451,0.6960737,64.79932,0,-39.65407,3.703811,196.7134
201501091800,201501091859,240.836,-72.4701,-9999,-537.55,-9999,-38.2066,-9999,-9999,-9999,-9999,-9999,-9999,-36.74939,0.6943901,64.78532,0,-36.53215,3.718191,197.7935
201501091900,201501091959,262.057,-73.1486,-9999,-523.389,-9999,-38.1233,-9999,-9999,-9999,-9999,-9999,-9999,-36.58095,0.6910723,64.80196,0,-31.20446,3.728726,198.5833
201501092000,201501092059,285.568,-73.1022,-9999,-519.613,-9999,-37.7483,-9999,-9999,-9999,-9999,-9999,-9999,-35.43588,0.6868308,64.78007,0,-23.78622,3.670732,198.5415
201501092100,201501092159,349.61,-69.701,-9999,-522.091,-9999,-36.6171,-9999,-9999,-9999,-9999,-9999,-9999,-33.92801,0.6823302,64.78882,0,-14.74125,3.534134,199.5268
201501092200,201501092259,406.86,-71.555,-9999,-507.67,-9999,-35.2171,-9999,-9999,-9999,-9999,-9999,-9999,-33.80168,0.6716201,64.79232,0,-4.571526,3.205152,202.1279
201501092300,201501092359,478.667,-70.0961,-9999,-512.288,-9999,-33.4298,-9999,-9999,-9999,-9999,-9999,-9999,-33.34333,0.670651,64.75818,0,5.83826,3.157641,208.8914
201501100000,201501100059,565.022,-69.2068,-9999,-506.974,-9999,-31.5048,-9999,-9999,-9999,-9999,-9999,-9999,-32.89145,0.6713132,64.74854,0,15.7104,3.285906,209.5733
201501100100,201501100159,673.593,-70.4025,-9999,-497.869,-9999,-29.549,-9999,-9999,-9999,-9999,-9999,-9999,-32.43148,0.671149,64.73454,0,24.37452,3.361993,207.3895
201501100200,201501100259,756.765,-68.0735,-9999,-493.93,-9999,-27.9631,-9999,-9999,-9999,-9999,-9999,-9999,-32.1108,0.671656,64.73629,0,31.21272,3.581337,202.8288
201501100300,201501100359,797.157,-67.6306,-9999,-494.913,-9999,-27.5977,-9999,-9999,-9999,-9999,-9999,-9999,-29.49511,0.6667784,64.74592,0,35.6818,3.617443,197.7561
201501100400,201501100459,819.749,-68.2414,-9999,-488.574,-9999,-27.2324,-9999,-9999,-9999,-9999,-9999,-9999,-29.28942,0.6667947,64.73103,0,37.43051,3.586167,193.6276
201501100500,201501100559,845.964,-68.0976,-9999,-491.897,-9999,-26.867,-9999,-9999,-9999,-9999,-9999,-9999,-29.17604,0.6689323,64.75642,0,36.42016,3.507315,193.3847
201501100600,201501100659,829.367,-67.3477,-9999,-494.506,-9999,-26.5016,-9999,-9999,-9999,-9999,-9999,-9999,-29.16957,0.6754857,64.7468,0,32.66639,3.43422,195.2792
201501100700,201501100759,810.971,-68.3523,-9999,-494.921,-9999,-26.1362,-9999,-9999,-9999,-9999,-9999,-9999,-29.48377,0.6795568,64.73629,0,26.19831,3.754758,194.7197
201501100800,201501100859,825.113,-73.1633,-9999,-484.214,-9999,-25.7708,-9999,-9999,-9999,-9999,-9999,-9999,-29.48377,0.6811252,64.78269,0,17.93307,3.940194,192.9496
201501100900,201501100959,849.915,-67.8903,-9999,-509.859,-9999,-26.2376,-9999,-9999,-9999,-9999,-9999,-9999,-32.56915,0.6867201,64.76956,0,8.398224,4.053942,190.5584
201501101000,201501101059,751.56,-69.2132,-9999,-491.719,-9999,-27.0001,-9999,-9999,-9999,-9999,-9999,-9999,-30.00529,0.6629161,64.78882,0,-1.834253,3.859597,193.057
201501101100,201501101159,644.827,-68.2667,-9999,-493.947,-9999,-28.5003,-9999,-9999,-9999,-9999,-9999,-9999,-30.38752,0.667428,64.77393,0,-11.83475,3.920993,194.0372
201501101200,201501101259,518.368,-72.1253,-9999,-511.292,-9999,-30.2628,-9999,-9999,-9999,-9999,-9999,-9999,-31.78039,0.6738142,64.74767,0,-21.19078,4.041284,195.2967
201501101300,201501101359,433.519,-72.1517,-9999,-513.051,-9999,-32.0899,-9999,-9999,-9999,-9999,-9999,-9999,-33.49072,0.6810687,64.73804,0,-29.24711,4.176902,196.1848
201501101400,201501101459,365.088,-69.8632,-9999,-517.547,-9999,-33.9399,-9999,-9999,-9999,-9999,-9999,-9999,-34.23574,0.7195626,64.72665,0,-35.3537,4.217547,196.9465
201501101500,201501101559,345.102,-71.6226,-9999,-520.737,-9999,-35.0798,-9999,-9999,-9999,-9999,-9999,-9999,-36.45948,0.7291951,64.72403,0,-39.04946,4.332174,197.0104
201501101600,201501101659,321.785,-73.0377,-9999,-537.525,-9999,-35.9673,-9999,-9999,-9999,-9999,-9999,-9999,-36.71052,0.7341174,64.70302,0,-40.92989,4.359421,196.4614
201501101700,201501101759,294.31,-71.0748,-9999,-516.416,-9999,-36.7441,-9999,-9999,-9999,-9999,-9999,-9999,-36.9648,0.7343638,64.72928,0,-40.37172,4.37953,195.0233
201501101800,201501101859,307.452,-71.3821,-9999,-524.76,-9999,-37.4816,-9999,-9999,-9999,-9999,-9999,-9999,-36.76721,0.7315664,64.70214,0,-37.67558,4.417023,192.8731
201501101900,201501101959,297.386,-71.6338,-9999,-517.698,-9999,-37.343,-9999,-9999,-9999,-9999,-9999,-9999,-36.48053,0.7124178,64.70564,0,-33.17217,4.454126,191.2763
201501102000,201501102059,301.702,-69.3542,-9999,-540.298,-9999,-36.893,-9999,-9999,-9999,-9999,-9999,-9999,-36.10154,0.6964442,64.71089,0,-26.36576,4.464772,189.447
201501102100,201501102159,379.911,-61.8735,-9999,-493.947,-9999,-35.9173,-9999,-9999,-9999,-9999,-9999,-9999,-34.73458,0.6917196,64.71965,0,-17.82513,4.435588,188.384
201501102200,201501102259,381.743,-71.7818,-9999,-503.564,-9999,-34.7548,-9999,-9999,-9999,-9999,-9999,-9999,-33.76929,0.6979749,64.69688,0,-8.482203,4.239561,190.4899
201501102300,201501102359,432.254,-69.9786,-9999,-507.509,-9999,-33.7122,-9999,-9999,-9999,-9999,-9999,-9999,-33.25263,0.6967404,64.71527,0,1.822445,4.461313,190.4594
201501110000,201501110059,470.852,-69.5134,-9999,-508.64,-9999,-32.7122,-9999,-9999,-9999,-9999,-9999,-9999,-32.84286,0.68445,64.68988,0,12.91555,5.246708,189.356
201501110100,201501110159,530.615,-68.2515,-9999,-497.558,-9999,-31.62,-9999,-9999,-9999,-9999,-9999,-9999,-32.43148,0.68268,64.67237,0,20.97322,5.808295,184.3894
201501110200,201501110259,611.776,-70.3497,-9999,-498.243,-9999,-30.495,-9999,-9999,-9999,-9999,-9999,-9999,-32.26142,0.6793622,64.67412,0,28.65556,6.04248,180.8551
201501110300,201501110359,707.908,-66.8482,-9999,-492.035,-9999,-29.6282,-9999,-9999,-9999,-9999,-9999,-9999,-30.52195,0.6752983,64.67587,0,34.07376,6.087405,175.7761
201501110400,201501110459,696.431,-66.7491,-9999,-487.614,-9999,-28.8532,-9999,-9999,-9999,-9999,-9999,-9999,-31.61519,0.6681238,64.67675,0,37.31242,6.062216,170.65
201501110500,201501110559,690.023,-67.2091,-9999,-485.893,-9999,-28.6039,-9999,-9999,-9999,-9999,-9999,-9999,-31.50344,0.6738682,64.67762,0,36.54716,6.029663,165.8758
201501110600,201501110659,701.361,-68.0476,-9999,-490.257,-9999,-28.5414,-9999,-9999,-9999,-9999,-9999,-9999,-31.43056,0.6820768,64.69426,0,32.37469,5.975734,162.8843
201501110700,201501110759,742.201,-68.6387,-9999,-486.965,-9999,-28.0823,-9999,-9999,-9999,-9999,-9999,-9999,-31.42408,0.6955761,64.71002,0,26.24221,5.833405,161.585
201501110800,201501110859,772.361,-68.822,-9999,-482.515,-9999,-27.4823,-9999,-9999,-9999,-9999,-9999,-9999,-31.56174,0.6992519,64.72227,0,16.56119,5.206028,164.0072
201501110900,201501110959,787.221,-68.5466,-9999,-477.654,-9999,-27.325,-9999,-9999,-9999,-9999,-9999,-9999,-33.91668,0.7000048,64.73366,0,5.247242,5.452801,162.1372
201501111000,201501111059,723.636,-68.1332,-9999,-485.315,-9999,-27.325,-9999,-9999,-9999,-9999,-9999,-9999,-30.77299,0.6836779,64.8002,0,-5.717172,5.679759,156.5839
201501111100,201501111159,824.106,-69.5432,-9999,-494.724,-9999,-27.7216,-9999,-9999,-9999,-9999,-9999,-9999,-32.425,0.6887434,64.8002,0,-16.47653,5.692755,154.5383
201501111200,201501111259,625.396,-69.6133,-9999,-495.343,-9999,-28.2591,-9999,-9999,-9999,-9999,-9999,-9999,-33.01778,0.6956493,64.79408,0,-26.54347,5.69129,153.0824
201501111300,201501111359,577.948,-70.4533,-9999,-480.148,-9999,-28.566,-9999,-9999,-9999,-9999,-9999,-9999,-34.20497,0.7051303,64.81334,0,-33.84464,5.613389,152.9766
201501111400,201501111459,543.702,-69.3198,-9999,-477.392,-9999,-28.791,-9999,-9999,-9999,-9999,-9999,-9999,-34.62445,0.7399375,64.84048,0,-40.32436,5.546019,153.4333
201501111500,201501111559,441.793,-68.0555,-9999,-480.419,-9999,-29.763,-9999,-9999,-9999,-9999,-9999,-9999,-34.87225,0.7539555,64.85186,0,-44.52427,5.428566,154.0991
201501111600,201501111659,327.47,-69.3053,-9999,-485.244,-9999,-31.0005,-9999,-9999,-9999,-9999,-9999,-9999,-35.5865,0.7615859,64.87463,0,-46.22302,5.298427,155.4418
201501111700,201501111759,308.648,-68.4836,-9999,-486.183,-9999,-33.0127,-9999,-9999,-9999,-9999,-9999,-9999,-35.72093,0.7697574,64.88513,0,-45.21756,5.189388,156.9485
201501111800,201501111859,294.287,-66.7818,-9999,-480.882,-9999,-35.3002,-9999,-9999,-9999,-9999,-9999,-9999,-36.19548,0.7877275,64.87988,0,-40.55051,5.125313,158.267
201501111900,201501111959,288.744,-63.9309,-9999,-494.79,-9999,-36.1767,-9999,-9999,-9999,-9999,-9999,-9999,-35.6772,0.8094527,64.85712,0,-33.4881,5.072333,160.3869
201501112000,201501112059,297.727,-69.902,-9999,-477.067,-9999,-36.5517,-9999,-9999,-9999,-9999,-9999,-9999,-35.40673,0.8032354,64.87638,0,-26.2334,5.141348,161.6978
201501112100,201501112159,328.833,-70.0718,-9999,-491.355,-9999,-36.1059,-9999,-9999,-9999,-9999,-9999,-9999,-35.248,0.7794926,64.87901,0,-15.81944,5.153432,161.8243
201501112200,201501112259,385.07,-66.1348,-9999,-468.403,-9999,-35.3684,-9999,-9999,-9999,-9999,-9999,-9999,-33.80816,0.7677074,64.96131,0,-4.870826,5.05653,160.5518
201501112300,201501112359,455.091,-71.5812,-9999,-502.772,-9999,-33.4966,-9999,-9999,-9999,-9999,-9999,-9999,-33.42269,0.7245711,64.92541,0,5.778836,5.270235,160.0325
201501120000,201501120059,622.28,-64.9447,-9999,-474.322,-9999,-31.2216,-9999,-9999,-9999,-9999,-9999,-9999,-33.14088,0.6679644,64.93679,0,18.40463,5.071837,160.7087
201501120100,201501120159,732.98,-63.7721,-9999,-474.972,-9999,-30.4129,-9999,-9999,-9999,-9999,-9999,-9999,-32.08974,0.689055,64.92891,0,25.88363,5.303164,162.0707
201501120200,201501120259,715.372,-65.0756,-9999,-477.101,-9999,-30.1254,-9999,-9999,-9999,-9999,-9999,-9999,-31.66216,0.6821852,64.9184,0,34.17039,5.355361,163.6515
201501120300,201501120359,723.088,-65.8432,-9999,-478.776,-9999,-29.3952,-9999,-9999,-9999,-9999,-9999,-9999,-30.15753,0.6723226,64.92716,0,39.75206,5.425278,165.3155
201501120400,201501120459,728.935,-66.6017,-9999,-480.539,-9999,-28.5077,-9999,-9999,-9999,-9999,-9999,-9999,-30.85235,0.6742429,64.93855,0,40.05527,5.584366,168.2097
201501120500,201501120559,733.723,-67.9487,-9999,-480.959,-9999,-27.9983,-9999,-9999,-9999,-9999,-9999,-9999,-29.33477,0.6752542,64.94993,0,39.74657,5.493799,170.4991
201501120600,201501120659,725.627,-69.5125,-9999,-478.606,-9999,-27.6233,-9999,-9999,-9999,-9999,-9999,-9999,-30.56892,0.6911597,64.94555,0,33.8118,5.286797,174.4597
201501120700,201501120759,736.529,-68.4767,-9999,-486.844,-9999,-27.4881,-9999,-9999,-9999,-9999,-9999,-9999,-30.62399,0.6928658,64.97006,0,25.10316,4.476704,178.6046
201501120800,201501120859,722.966,-68.6951,-9999,-475.344,-9999,-27.4381,-9999,-9999,-9999,-9999,-9999,-9999,-30.82968,0.6916927,64.97006,0,16.09354,4.439455,182.4824
201501120900,201501120959,717.154,-67.3873,-9999,-498.051,-9999,-27.84,-9999,-9999,-9999,-9999,-9999,-9999,-33.69479,0.6959199,64.95605,0,6.07506,4.46849,184.5624
201501121000,201501121059,681.599,-71.9274,-9999,-489.769,-9999,-28.4025,-9999,-9999,-9999,-9999,-9999,-9999,-31.05318,0.6957394,64.97356,0,-4.862437,4.720142,188.2066
201501121100,201501121159,556.604,-69.4601,-9999,-497.026,-9999,-29.878,-9999,-9999,-9999,-9999,-9999,-9999,-32.11242,0.7003955,64.96832,0,-15.66065,4.759123,188.2485
201501121200,201501121259,446.899,-71.6097,-9999,-505.493,-9999,-31.678,-9999,-9999,-9999,-9999,-9999,-9999,-32.72463,0.707735,64.96394,0,-25.5518,4.725157,187.8546
201501121300,201501121359,375.412,-70.3973,-9999,-514.744,-9999,-33.5241,-9999,-9999,-9999,-9999,-9999,-9999,-33.19109,0.7180459,64.9543,0,-33.82479,4.657071,188.1816
201501121400,201501121459,321.491,-72.5663,-9999,-520.513,-9999,-35.3866,-9999,-9999,-9999,-9999,-9999,-9999,-36.01085,0.7287781,64.96306,0,-40.02357,4.684674,190.2664
201501121500,201501121559,305.528,-74.7755,-9999,-519.552,-9999,-36.7603,-9999,-9999,-9999,-9999,-9999,-9999,-37.6661,0.7451115,64.93329,0,-44.00178,4.757189,191.2493
201501121600,201501121659,266.499,-69.7965,-9999,-512.788,-9999,-37.9603,-9999,-9999,-9999,-9999,-9999,-9999,-38.13903,0.7533991,64.94029,0,-45.5424,4.800318,190.6967
201501121700,201501121759,261.702,-70.5723,-9999,-528.206,-9999,-38.4871,-9999,-9999,-9999,-9999,-9999,-9999,-38.24592,0.7600164,64.93941,0,-44.71457,4.757376,188.5196
201501121800,201501121859,286.152,-68.1534,-9999,-508.533,-9999,-38.7746,-9999,-9999,-9999,-9999,-9999,-9999,-38.23296,0.7617182,64.92454,0,-41.57364,4.699768,186.581
201501121900,201501121959,422.369,-68.5914,-9999,-500.453,-9999,-36.5998,-9999,-9999,-9999,-9999,-9999,-9999,-37.24176,0.7601932,64.91928,0,-36.14468,4.707498,185.3696
201501122000,201501122059,585.295,-69.3849,-9999,-496.382,-9999,-33.5498,-9999,-9999,-9999,-9999,-9999,-9999,-37.01339,0.7166341,64.92804,0,-28.59439,4.74054,184.652
201501122100,201501122159,744.432,-66.161,-9999,-491.601,-9999,-31.7263,-9999,-9999,-9999,-9999,-9999,-9999,-35.93958,0.7175763,64.93154,0,-18.15637,4.869056,184.1628
201501122200,201501122259,-9999,-9999,-9999,-9999,-9999,-30.3388,-9999,-9999,-9999,-9999,-9999,-9999,-37.12676,0.7308168,64.95868,0,-6.396829,5.007632,180.3446
201501122300,201501122359,-9999,-9999,-9999,-9999,-9999,-29.5877,-9999,-9999,-9999,-9999,-9999,-9999,-36.41899,0.6988685,64.96656,0,5.852694,4.945784,180.7084
201501130000,201501130059,-9999,-9999,-9999,-9999,-9999,-29.0627,-9999,-9999,-9999,-9999,-9999,-9999,-33.36115,0.6876535,64.92278,0,18.60867,5.076941,180.5659
201501130100,201501130159,-9999,-9999,-9999,-9999,-9999,-28.925,-9999,-9999,-9999,-9999,-9999,-9999,-32.96758,0.679418,64.94993,0,26.04762,5.600994,178.0755
201501130200,201501130259,-9999,-9999,-9999,-9999,-9999,-28.925,-9999,-9999,-9999,-9999,-9999,-9999,-32.65013,0.6813312,64.9508,0,29.16577,5.782017,176.3382
201501130300,201501130359,758.793,-65.5232,-9999,-470.039,-9999,-28.6576,-9999,-9999,-9999,-9999,-9999,-9999,-31.70589,0.6718782,64.93855,0,33.68061,5.982177,174.807
201501130400,201501130459,654.334,-67.9364,-9999,-481.856,-9999,-28.2951,-9999,-9999,-9999,-9999,-9999,-9999,-31.47429,0.6722867,64.95518,0,36.31821,5.94797,174.8061
201501130500,201501130559,672.09,-67.1379,-9999,-483.681,-9999,-28.0893,-9999,-9999,-9999,-9999,-9999,-9999,-31.3269,0.6759446,64.9762,0,35.52319,5.784522,175.3158
201501130600,201501130659,672.805,-67.3389,-9999,-483.759,-9999,-27.9393,-9999,-9999,-9999,-9999,-9999,-9999,-31.23782,0.6821046,64.96832,0,31.28729,5.570123,177.261
201501130700,201501130759,679.532,-67.4751,-9999,-489.74,-9999,-27.8816,-9999,-9999,-9999,-9999,-9999,-9999,-31.25564,0.6942474,64.9832,0,24.18282,4.867137,181.9811
201501130800,201501130859,670.549,-67.0236,-9999,-485.465,-9999,-27.8566,-9999,-9999,-9999,-9999,-9999,-9999,-31.42732,0.6921341,64.99721,0,14.65372,4.902121,183.9821
201501130900,201501130959,662.74,-67.2541,-9999,-492.139,-9999,-28.3388,-9999,-9999,-9999,-9999,-9999,-9999,-34.26328,0.6943225,65.00859,0,4.553485,5.030494,184.1089
201501131000,201501131059,607.655,-68.2003,-9999,-493.36,-9999,-29.0013,-9999,-9999,-9999,-9999,-9999,-9999,-31.70427,0.6972238,65.02522,0,-6.238669,5.130418,183.323
201501131100,201501131159,502.474,-70.7193,-9999,-500.136,-9999,-30.586,-9999,-9999,-9999,-9999,-9999,-9999,-32.05573,0.7036921,65.01647,0,-17.04815,5.119519,182.4664
201501131200,201501131259,411.203,-72.0435,-9999,-509.654,-9999,-32.4985,-9999,-9999,-9999,-9999,-9999,-9999,-33.85675,0.7116975,65.01997,0,-26.92551,5.058624,181.1235
201501131300,201501131359,347.119,-71.8704,-9999,-511.57,-9999,-34.4479,-9999,-9999,-9999,-9999,-9999,-9999,-34.33454,0.7219188,65.01559,0,-35.29691,4.932387,180.1173
201501131400,201501131459,292.825,-72.4092,-9999,-507.8,-9999,-36.4104,-9999,-9999,-9999,-9999,-9999,-9999,-35.29011,0.733586,65.02522,0,-42.70134,4.767066,179.7364
201501131500,201501131559,255.518,-74.4379,-9999,-497.535,-9999,-38.1331,-9999,-9999,-9999,-9999,-9999,-9999,-38.98771,0.7416679,65.0226,0,-46.59594,4.59467,180.2133
201501131600,201501131659,215.049,-73.3722,-9999,-529.975,-9999,-39.7706,-9999,-9999,-9999,-9999,-9999,-9999,-39.4493,0.7540887,65.02084,0,-46.79919,4.474793,181.8856
201501131700,201501131759,192.075,-72.0559,-9999,-546.499,-9999,-40.7257,-9999,-9999,-9999,-9999,-9999,-9999,-39.74083,0.7617372,65.03923,0,-46.14178,4.369391,183.929
201501131800,201501131859,188.422,-75.1718,-9999,-526.102,-9999,-41.4382,-9999,-9999,-9999,-9999,-9999,-9999,-39.68739,0.7674617,65.0226,0,-41.1504,4.267044,185.7096
201501131900,201501131959,188.29,-73.8528,-9999,-523.414,-9999,-41.0809,-9999,-9999,-9999,-9999,-9999,-9999,-39.28086,0.768481,65.02172,0,-36.77367,4.259965,187.9702
201501132000,201501132059,234.296,-70.2895,-9999,-516.64,-9999,-40.3434,-9999,-9999,-9999,-9999,-9999,-9999,-38.85166,0.7531416,65.01734,0,-29.06542,4.154648,188.8157
201501132100,201501132159,327.029,-73.0697,-9999,-503.966,-9999,-37.992,-9999,-9999,-9999,-9999,-9999,-9999,-36.36554,0.7311206,65.01822,0,-19.60174,4.083071,188.1902
201501132200,201501132259,420.169,-70.2716,-9999,-501.837,-9999,-35.067,-9999,-9999,-9999,-9999,-9999,-9999,-35.39539,0.6896096,65.03836,0,-9.370106,3.737766,186.367
201501132300,201501132359,578.07,-68.1215,-9999,-496.702,-9999,-33.0827,-9999,-9999,-9999,-9999,-9999,-9999,-34.95323,0.6922332,65.04011,0,2.851271,3.75692,186.2269
201501140000,201501140059,607.56,-62.6714,-9999,-489.921,-9999,-31.4327,-9999,-9999,-9999,-9999,-9999,-9999,-34.5127,0.6962146,65.05412,0,11.94404,3.492047,185.4625
201501140100,201501140159,637.047,-66.7449,-9999,-488.328,-9999,-30.6957,-9999,-9999,-9999,-9999,-9999,-9999,-34.09645,0.6896414,65.03836,0,20.84316,4.154566,181.1886
201501140200,201501140259,637.695,-66.1772,-9999,-484.562,-9999,-30.2832,-9999,-9999,-9999,-9999,-9999,-9999,-33.74823,0.6818881,65.02435,0,28.19276,4.132905,179.3351
201501140300,201501140359,634.761,-66.038,-9999,-489.308,-9999,-29.8153,-9999,-9999,-9999,-9999,-9999,-9999,-34.53537,0.6823708,65.04186,0,34.07122,3.975147,175.9581
201501140400,201501140459,634.307,-66.2277,-9999,-493.717,-9999,-29.3278,-9999,-9999,-9999,-9999,-9999,-9999,-34.158,0.6767159,65.01034,0,35.32923,3.940087,175.9367
201501140500,201501140559,627.54,-62.8926,-9999,-516.512,-9999,-29.0432,-9999,-9999,-9999,-9999,-9999,-9999,-33.90858,0.6796027,65.04887,0,34.93676,3.825954,179.9864
201501140600,201501140659,624.093,-62.6903,-9999,-524.382,-9999,-28.8307,-9999,-9999,-9999,-9999,-9999,-9999,-33.77901,0.6870247,65.05149,0,30.19081,3.838145,183.9644
201501140700,201501140759,642.467,-68.7728,-9999,-487.743,-9999,-28.7197,-9999,-9999,-9999,-9999,-9999,-9999,-33.82922,0.69165,65.06287,0,23.43641,3.323507,186.9906
201501140800,201501140859,635.854,-67.6734,-9999,-484.092,-9999,-28.6447,-9999,-9999,-9999,-9999,-9999,-9999,-34.17257,0.6918972,65.05061,0,15.02247,3.522259,187.6118
201501140900,201501140959,621.903,-68.842,-9999,-497.834,-9999,-29.0953,-9999,-9999,-9999,-9999,-9999,-9999,-35.02773,0.697567,65.069,0,5.386014,3.768954,184.2051
201501141000,201501141059,565.366,-69.5624,-9999,-497.534,-9999,-29.7328,-9999,-9999,-9999,-9999,-9999,-9999,-32.78942,0.6982018,65.06287,0,-5.0882,3.96012,181.2035
201501141100,201501141159,503.305,-69.552,-9999,-514.089,-9999,-30.9974,-9999,-9999,-9999,-9999,-9999,-9999,-33.17651,0.7036349,65.062,0,-15.61894,4.037025,176.7177
201501141200,201501141259,410.272,-71.0362,-9999,-516.18,-9999,-32.4849,-9999,-9999,-9999,-9999,-9999,-9999,-33.8859,0.7118148,65.08126,0,-26.04436,3.967839,173.7445
201501141300,201501141359,367.105,-70.8979,-9999,-507.067,-9999,-34.0647,-9999,-9999,-9999,-9999,-9999,-9999,-36.47406,0.7217181,65.08214,0,-33.07571,3.80524,170.6605
201501141400,201501141459,321.329,-63.6122,-9999,-492.039,-9999,-35.6772,-9999,-9999,-9999,-9999,-9999,-9999,-37.24014,0.7327889,65.07338,0,-38.99575,3.610776,168.9089
201501141500,201501141559,274.836,-54.2624,-9999,-441.337,-9999,-37.3542,-9999,-9999,-9999,-9999,-9999,-9999,-39.63718,0.7481762,65.08652,0,-42.56231,3.422211,170.268
201501141600,201501141659,207.972,-64.0616,-9999,-519.024,-9999,-39.0542,-9999,-9999,-9999,-9999,-9999,-9999,-40.23158,0.7556209,65.05762,0,-43.94632,3.334162,174.5058
201501141700,201501141759,166.451,-69.8308,-9999,-521.343,-9999,-40.2654,-9999,-9999,-9999,-9999,-9999,-9999,-40.64944,0.7595382,65.08739,0,-43.02193,3.363007,180.3597
201501141800,201501141859,164.246,-76.0765,-9999,-518.146,-9999,-41.3029,-9999,-9999,-9999,-9999,-9999,-9999,-40.44537,0.7610201,65.06813,0,-39.97184,3.40636,185.2621
201501141900,201501141959,160.844,-72.2106,-9999,-523.755,-9999,-41.4643,-9999,-9999,-9999,-9999,-9999,-9999,-39.57077,0.7586089,65.06725,0,-33.93626,3.531038,188.1666
201501142000,201501142059,170.198,-72.7057,-9999,-531.736,-9999,-41.3143,-9999,-9999,-9999,-9999,-9999,-9999,-38.72857,0.7103073,65.069,0,-26.52224,3.534692,188.995
201501142100,201501142159,201.012,-74.8601,-9999,-524.569,-9999,-40.2144,-9999,-9999,-9999,-9999,-9999,-9999,-37.27739,0.6915318,65.08389,0,-15.57821,3.546667,187.8691
201501142200,201501142259,265.689,-73.7091,-9999,-503.493,-9999,-38.7769,-9999,-9999,-9999,-9999,-9999,-9999,-36.7915,0.6822501,65.08914,0,-2.758497,3.393922,186.5216
201501142300,201501142359,371.197,-72.7466,-9999,-502.039,-9999,-36.6293,-9999,-9999,-9999,-9999,-9999,-9999,-36.35258,0.6895597,65.0944,0,3.173235,3.284591,187.1971
201501150000,201501150059,480.458,-69.4132,-9999,-499.83,-9999,-34.2293,-9999,-9999,-9999,-9999,-9999,-9999,-34.29729,0.695601,65.0944,0,13.6419,3.027759,188.9217
201501150100,201501150159,540.439,-68.2946,-9999,-500.756,-9999,-32.5763,-9999,-9999,-9999,-9999,-9999,-9999,-35.37271,0.7019928,65.0944,0,23.0758,3.325847,190.6335
201501150200,201501150259,600.382,-67.5788,-9999,-505.431,-9999,-31.1888,-9999,-9999,-9999,-9999,-9999,-9999,-34.97105,0.6877036,65.08652,0,29.59186,3.621562,189.5475
201501150300,201501150359,660.111,-67.1019,-9999,-512.648,-9999,-30.6313,-9999,-9999,-9999,-9999,-9999,-9999,-32.52218,0.6893003,65.09264,0,33.93007,3.59964,193.1498
201501150400,201501150459,604.97,-65.0514,-9999,-483.526,-9999,-30.3688,-9999,-9999,-9999,-9999,-9999,-9999,-32.26466,0.6925452,65.07513,0,36.94381,3.696334,195.4723
201501150500,201501150559,623.318,-63.9248,-9999,-476.976,-9999,-30.0141,-9999,-9999,-9999,-9999,-9999,-9999,-32.09298,0.6949809,65.11015,0,36.08772,3.773729,198.6101
201501150600,201501150659,647.732,-62.3727,-9999,-469.372,-9999,-29.6266,-9999,-9999,-9999,-9999,-9999,-9999,-32.02334,0.6967714,65.10753,0,31.89557,3.761093,201.8779
201501150700,201501150759,625.724,-63.9434,-9999,-469.272,-9999,-29.4604,-9999,-9999,-9999,-9999,-9999,-9999,-32.08164,0.7039983,65.12416,0,26.07026,3.48888,203.7027
201501150800,201501150859,604.898,-65.622,-9999,-467.857,-9999,-29.3729,-9999,-9999,-9999,-9999,-9999,-9999,-32.29057,0.7021043,65.12679,0,16.84817,3.757627,203.9876
201501150900,201501150959,636.235,-71.0127,-9999,-418.929,-9999,-29.8388,-9999,-9999,-9999,-9999,-9999,-9999,-34.97753,0.7022408,65.13554,0,10.63621,4.006337,201.7654
201501151000,201501151059,538.933,-67.5556,-9999,-485.305,-9999,-30.5013,-9999,-9999,-9999,-9999,-9999,-9999,-32.68738,0.7046656,65.13554,0,-4.08914,4.226385,195.2012
201501151100,201501151159,460.102,-70.8125,-9999,-496.153,-9999,-31.8739,-9999,-9999,-9999,-9999,-9999,-9999,-34.08673,0.7100691,65.15656,0,-14.27283,4.171728,191.5311
201501151200,201501151259,382.048,-70.0473,-9999,-501.406,-9999,-33.4989,-9999,-9999,-9999,-9999,-9999,-9999,-34.74268,0.7200565,65.1802,0,-24.10056,4.008,191.1618
201501151300,201501151359,316.799,-71.1017,-9999,-507.107,-9999,-35.3913,-9999,-9999,-9999,-9999,-9999,-9999,-35.22857,0.7330931,65.17232,0,-32.19238,3.838902,194.3746
201501151400,201501151459,258.736,-68.9405,-9999,-507.577,-9999,-37.3788,-9999,-9999,-9999,-9999,-9999,-9999,-38.42246,0.7476721,65.17407,0,-38.24968,3.720393,199.9002
201501151500,201501151559,240.211,-70.4972,-9999,-505.269,-9999,-39.0067,-9999,-9999,-9999,-9999,-9999,-9999,-40.06314,0.7597883,65.15656,0,-42.25817,3.634108,206.6621
201501151600,201501151659,216.267,-74.4252,-9999,-494.459,-9999,-40.5067,-9999,-9999,-9999,-9999,-9999,-9999,-40.71423,0.7677379,65.14693,0,-44.16636,3.766885,213.7943
201501151700,201501151759,180.693,-72.096,-9999,-531.616,-9999,-41.3796,-9999,-9999,-9999,-9999,-9999,-9999,-41.00414,0.7711009,65.18283,0,-43.28033,3.790298,218.2865
201501151800,201501151859,169.938,-73.7732,-9999,-531.935,-9999,-42.0296,-9999,-9999,-9999,-9999,-9999,-9999,-40.71908,0.7727646,65.16882,0,-40.38921,3.903789,220.2363
201501151900,201501151959,194.07,-71.6259,-9999,-521.006,-9999,-41.6928,-9999,-9999,-9999,-9999,-9999,-9999,-40.217,0.732262,65.19246,0,-34.72692,3.907742,220.4182
201501152000,201501152059,227.794,-72.6561,-9999,-503.587,-9999,-41.0053,-9999,-9999,-9999,-9999,-9999,-9999,-39.76999,0.7164906,65.1837,0,-27.2949,3.893483,220.6942
201501152100,201501152159,277.871,-69.7852,-9999,-501.581,-9999,-39.4509,-9999,-9999,-9999,-9999,-9999,-9999,-37.36971,0.7008376,65.20384,0,-17.20324,3.859461,219.6857
201501152200,201501152259,332.863,-71.0184,-9999,-502.733,-9999,-37.5884,-9999,-9999,-9999,-9999,-9999,-9999,-35.49904,0.6862308,65.22311,0,-7.96244,3.741824,219.3885
201501152300,201501152359,399.87,-70.1426,-9999,-500.206,-9999,-35.6244,-9999,-9999,-9999,-9999,-9999,-9999,-35.05527,0.6866634,65.22485,0,3.040164,3.71108,224.5123
201501160000,201501160059,471.05,-70.0763,-9999,-497.559,-9999,-33.6244,-9999,-9999,-9999,-9999,-9999,-9999,-34.31672,0.6921266,65.22923,0,12.47257,3.678122,227.9407
201501160100,201501160159,523.674,-67.6667,-9999,-504.849,-9999,-32.1778,-9999,-9999,-9999,-9999,-9999,-9999,-33.96526,0.6984115,65.23098,0,21.83482,3.556643,230.9956
201501160200,201501160259,565.527,-67.4231,-9999,-485.756,-9999,-30.9278,-9999,-9999,-9999,-9999,-9999,-9999,-34.91598,0.7082819,65.21873,0,31.40175,4.023996,230.7288
201501160300,201501160359,604.354,-67.7894,-9999,-490.488,-9999,-30.1112,-9999,-9999,-9999,-9999,-9999,-9999,-32.39099,0.6927029,65.20734,0,34.18004,4.229899,231.895
201501160400,201501160459,635.765,-67.7234,-9999,-487.248,-9999,-29.4487,-9999,-9999,-9999,-9999,-9999,-9999,-32.19987,0.6951718,65.20734,0,36.57321,4.464252,233.4367
201501160500,201501160559,662.365,-66.3637,-9999,-476.539,-9999,-28.9246,-9999,-9999,-9999,-9999,-9999,-9999,-32.05735,0.6941332,65.23799,0,35.34266,4.359848,238.7383
201501160600,201501160659,674.195,-64.1318,-9999,-470.633,-9999,-28.4496,-9999,-9999,-9999,-9999,-9999,-9999,-32.01524,0.701678,65.23974,0,32.01921,4.299672,244.8166
201501160700,201501160759,692.512,-64.3263,-9999,-466.129,-9999,-28.1682,-9999,-9999,-9999,-9999,-9999,-9999,-32.06221,0.6991764,65.24412,0,25.10701,4.512632,246.9141
201501160800,201501160859,698.351,-64.9637,-9999,-465.519,-9999,-27.9557,-9999,-9999,-9999,-9999,-9999,-9999,-32.26466,0.6982899,65.24062,0,16.83891,4.764367,245.8815
201501160900,201501160959,659.865,-65.6835,-9999,-470.674,-9999,-28.4072,-9999,-9999,-9999,-9999,-9999,-9999,-35.12005,0.6981366,65.24412,0,6.93028,4.93617,242.6272
201501161000,201501161059,649.893,-65.0372,-9999,-474.8,-9999,-29.0947,-9999,-9999,-9999,-9999,-9999,-9999,-32.93518,0.6931751,65.259,0,-3.861875,5.029539,239.5863
201501161100,201501161159,511.304,-69.6611,-9999,-488.588,-9999,-30.7413,-9999,-9999,-9999,-9999,-9999,-9999,-33.3741,0.6950214,65.25725,0,-14.38134,4.948096,236.8816
201501161200,201501161259,426.547,-68.7021,-9999,-487.644,-9999,-32.7288,-9999,-9999,-9999,-9999,-9999,-9999,-33.79197,0.6990018,65.23536,0,-24.0496,4.785153,236.1502
201501161300,201501161359,362.774,-71.248,-9999,-493.519,-9999,-34.8086,-9999,-9999,-9999,-9999,-9999,-9999,-35.96387,0.70564,65.22311,0,-32.37609,4.582396,236.4711
201501161400,201501161459,277.36,-70.8743,-9999,-501.766,-9999,-36.9211,-9999,-9999,-9999,-9999,-9999,-9999,-37.84911,0.7124532,65.22311,0,-38.49916,4.447622,237.8803
201501161500,201501161559,254.237,-69.6296,-9999,-505.099,-9999,-38.554,-9999,-9999,-9999,-9999,-9999,-9999,-39.13833,0.7241187,65.20559,0,-42.49722,4.356147,239.5381
201501161600,201501161659,229.409,-71.8174,-9999,-505.364,-9999,-40.0165,-9999,-9999,-9999,-9999,-9999,-9999,-39.67281,0.7283645,65.17145,0,-44.0582,4.249949,239.8711
201501161700,201501161759,186.188,-71.0511,-9999,-488.946,-9999,-41.147,-9999,-9999,-9999,-9999,-9999,-9999,-40.45346,0.7294215,65.17757,0,-43.16695,4.182846,240.8408
201501161800,201501161859,178.918,-70.3764,-9999,-506.304,-9999,-42.1595,-9999,-9999,-9999,-9999,-9999,-9999,-40.22996,0.7283892,65.15831,0,-39.94746,4.07796,241.2914
201501161900,201501161959,168.803,-77.0517,-9999,-500.469,-9999,-42.1852,-9999,-9999,-9999,-9999,-9999,-9999,-39.36022,0.7188719,65.16882,0,-33.85368,3.985147,243.0272
201501162000,201501162059,188.529,-73.8681,-9999,-536.028,-9999,-41.8602,-9999,-9999,-9999,-9999,-9999,-9999,-38.86462,0.6819139,65.16619,0,-25.53866,3.88165,243.7578
201501162100,201501162159,217.66,-71.7854,-9999,-516.184,-9999,-40.613,-9999,-9999,-9999,-9999,-9999,-9999,-38.45971,0.6784538,65.16357,0,-16.3756,3.723993,243.5934
201501162200,201501162259,257.828,-76.6374,-9999,-511.378,-9999,-39.038,-9999,-9999,-9999,-9999,-9999,-9999,-37.22232,0.6833402,65.17319,0,-5.74763,3.537904,241.7742
201501162300,201501162359,364.761,-69.9453,-9999,-510.511,-9999,-36.8543,-9999,-9999,-9999,-9999,-9999,-9999,-35.1897,0.6874772,65.13992,0,4.34691,3.42536,237.9726
201501170000,201501170059,458.998,-70.9321,-9999,-494.351,-9999,-34.4543,-9999,-9999,-9999,-9999,-9999,-9999,-34.84472,0.6898372,65.14868,0,13.52817,3.182403,232.466
201501170100,201501170159,559.862,-67.0778,-9999,-483.621,-9999,-32.7368,-9999,-9999,-9999,-9999,-9999,-9999,-34.18715,0.6919519,65.13204,0,23.3002,2.952607,226.4574
201501170200,201501170259,573.946,-67.4385,-9999,-481.725,-9999,-31.2618,-9999,-9999,-9999,-9999,-9999,-9999,-35.41644,0.6946344,65.11191,0,30.38434,2.826754,221.7416
201501170300,201501170359,590.221,-67.4975,-9999,-482.41,-9999,-30.3954,-9999,-9999,-9999,-9999,-9999,-9999,-32.61126,0.6874829,65.0944,0,35.10693,2.830985,216.0939
201501170400,201501170459,607.951,-67.8966,-9999,-491.194,-9999,-29.7454,-9999,-9999,-9999,-9999,-9999,-9999,-32.28733,0.6878386,65.1014,0,37.26999,3.046377,210.4451
201501170500,201501170559,626.706,-67.146,-9999,-479.489,-9999,-29.2799,-9999,-9999,-9999,-9999,-9999,-9999,-32.08164,0.6934052,65.10227,0,35.90283,2.925966,208.7532
201501170600,201501170659,671.74,-66.0012,-9999,-476.367,-9999,-28.8799,-9999,-9999,-9999,-9999,-9999,-9999,-32.0201,0.6999443,65.11541,0,32.60276,2.656101,209.9843